"Checklist"	"ERC000011:1.3"	"ENA default sample checklist"				
"tax_id"	"scientific_name"	"sample_alias"	"sample_title"	"sample_description"	"collection date"	"geographic location (country and/or sea)"
"#units"						
3702	"Arabidopsis thaliana"	"CAR0325"	"CAR0325"	"CAR0325"	"2022-11-08"	"USA"
3702	"Arabidopsis thaliana"	"CAR0326"	"CAR0326"	"CAR0326"	"2022-11-08"	"USA"
3702	"Arabidopsis thaliana"	"CAR0329"	"CAR0329"	"CAR0329"	"2022-11-08"	"USA"
3702	"Arabidopsis thaliana"	"CAR0333"	"CAR0333"	"CAR0333"	"2022-11-08"	"USA"
3702	"Arabidopsis thaliana"	"CAR0335"	"CAR0335"	"CAR0335"	"2022-11-08"	"USA"
3702	"Arabidopsis thaliana"	"CAR0336"	"CAR0336"	"CAR0336"	"2022-11-08"	"USA"
3702	"Arabidopsis thaliana"	"CAR0344"	"CAR0344"	"CAR0344"	"2022-11-08"	"USA"
3702	"Arabidopsis thaliana"	"CAR0348"	"CAR0348"	"CAR0348"	"2022-11-08"	"USA"
3702	"Arabidopsis thaliana"	"CAR0351"	"CAR0351"	"CAR0351"	"2022-11-08"	"USA"
3702	"Arabidopsis thaliana"	"CAR0354"	"CAR0354"	"CAR0354"	"2022-11-08"	"USA"
3702	"Arabidopsis thaliana"	"CAR0361"	"CAR0361"	"CAR0361"	"2022-11-09"	"USA"
3702	"Arabidopsis thaliana"	"CAR0362"	"CAR0362"	"CAR0362"	"2022-11-09"	"USA"
3702	"Arabidopsis thaliana"	"CAR0365"	"CAR0365"	"CAR0365"	"2022-11-09"	"USA"
3702	"Arabidopsis thaliana"	"CAR0366"	"CAR0366"	"CAR0366"	"2022-11-09"	"USA"
3702	"Arabidopsis thaliana"	"CAR0367"	"CAR0367"	"CAR0367"	"2022-11-09"	"USA"
3702	"Arabidopsis thaliana"	"CAR0371"	"CAR0371"	"CAR0371"	"2022-11-09"	"USA"
3702	"Arabidopsis thaliana"	"CAR0379"	"CAR0379"	"CAR0379"	"2022-11-09"	"USA"
3702	"Arabidopsis thaliana"	"CAR0380"	"CAR0380"	"CAR0380"	"2022-11-09"	"USA"
3702	"Arabidopsis thaliana"	"CAR0381"	"CAR0381"	"CAR0381"	"2022-11-09"	"USA"
3702	"Arabidopsis thaliana"	"CAR0386"	"CAR0386"	"CAR0386"	"2022-11-09"	"USA"
3702	"Arabidopsis thaliana"	"CAR0387"	"CAR0387"	"CAR0387"	"2022-11-09"	"USA"
3702	"Arabidopsis thaliana"	"CAR0401"	"CAR0401"	"CAR0401"	"2022-11-10"	"USA"
3702	"Arabidopsis thaliana"	"CAR0403"	"CAR0403"	"CAR0403"	"2022-11-10"	"USA"
3702	"Arabidopsis thaliana"	"CAR0419"	"CAR0419"	"CAR0419"	"2022-11-10"	"USA"
3702	"Arabidopsis thaliana"	"CAR0420"	"CAR0420"	"CAR0420"	"2022-11-10"	"USA"
3702	"Arabidopsis thaliana"	"CAR0421"	"CAR0421"	"CAR0421"	"2022-11-10"	"USA"
3702	"Arabidopsis thaliana"	"CAR0422"	"CAR0422"	"CAR0422"	"2022-11-10"	"USA"
3702	"Arabidopsis thaliana"	"CAR0423"	"CAR0423"	"CAR0423"	"2022-11-10"	"USA"
3702	"Arabidopsis thaliana"	"CAR0426"	"CAR0426"	"CAR0426"	"2022-11-10"	"USA"
3702	"Arabidopsis thaliana"	"CAR0434"	"CAR0434"	"CAR0434"	"2022-11-11"	"USA"
3702	"Arabidopsis thaliana"	"CAR0438"	"CAR0438"	"CAR0438"	"2022-11-11"	"USA"
3702	"Arabidopsis thaliana"	"CAR0455"	"CAR0455"	"CAR0455"	"2022-11-11"	"USA"
3702	"Arabidopsis thaliana"	"CAR0457"	"CAR0457"	"CAR0457"	"2022-11-11"	"USA"
3702	"Arabidopsis thaliana"	"CAR0458"	"CAR0458"	"CAR0458"	"2022-11-11"	"USA"
3702	"Arabidopsis thaliana"	"CAR0459"	"CAR0459"	"CAR0459"	"2022-11-11"	"USA"
3702	"Arabidopsis thaliana"	"CAR0461"	"CAR0461"	"CAR0461"	"2022-11-11"	"USA"
3702	"Arabidopsis thaliana"	"CAR0474"	"CAR0474"	"CAR0474"	"2022-11-11"	"USA"
3702	"Arabidopsis thaliana"	"CAR0487"	"CAR0487"	"CAR0487"	"2022-11-12"	"USA"
3702	"Arabidopsis thaliana"	"CAR0489"	"CAR0489"	"CAR0489"	"2022-11-12"	"USA"
3702	"Arabidopsis thaliana"	"CAR0493"	"CAR0493"	"CAR0493"	"2022-11-12"	"USA"
3702	"Arabidopsis thaliana"	"CAR0494"	"CAR0494"	"CAR0494"	"2022-11-12"	"USA"
3702	"Arabidopsis thaliana"	"CAR0495"	"CAR0495"	"CAR0495"	"2022-11-12"	"USA"
3702	"Arabidopsis thaliana"	"CAR0498"	"CAR0498"	"CAR0498"	"2022-11-12"	"USA"
3702	"Arabidopsis thaliana"	"CAR0512"	"CAR0512"	"CAR0512"	"2022-11-12"	"USA"
3702	"Arabidopsis thaliana"	"CAR0515"	"CAR0515"	"CAR0515"	"2022-11-12"	"USA"
3702	"Arabidopsis thaliana"	"CAR0528"	"CAR0528"	"CAR0528"	"2022-11-12"	"USA"
3702	"Arabidopsis thaliana"	"CAR0531"	"CAR0531"	"CAR0531"	"2022-11-12"	"USA"
3702	"Arabidopsis thaliana"	"CAR0541"	"CAR0541"	"CAR0541"	"2022-11-13"	"USA"
3702	"Arabidopsis thaliana"	"CAR0542"	"CAR0542"	"CAR0542"	"2022-11-13"	"USA"
3702	"Arabidopsis thaliana"	"CAR0545"	"CAR0545"	"CAR0545"	"2022-11-13"	"USA"
3702	"Arabidopsis thaliana"	"CAR0546"	"CAR0546"	"CAR0546"	"2022-11-13"	"USA"
3702	"Arabidopsis thaliana"	"CAR0547"	"CAR0547"	"CAR0547"	"2022-11-13"	"USA"
3702	"Arabidopsis thaliana"	"CAR0559"	"CAR0559"	"CAR0559"	"2022-11-13"	"USA"
3702	"Arabidopsis thaliana"	"CAR0560"	"CAR0560"	"CAR0560"	"2022-11-13"	"USA"
3702	"Arabidopsis thaliana"	"CAR0561"	"CAR0561"	"CAR0561"	"2022-11-13"	"USA"
3702	"Arabidopsis thaliana"	"CAR0563"	"CAR0563"	"CAR0563"	"2022-11-13"	"USA"
3702	"Arabidopsis thaliana"	"CAR0565"	"CAR0565"	"CAR0565"	"2022-11-13"	"USA"
3702	"Arabidopsis thaliana"	"CAR0569"	"CAR0569"	"CAR0569"	"2022-11-13"	"USA"
3702	"Arabidopsis thaliana"	"CAR0651"	"CAR0651"	"CAR0651"	"2023-04-02"	"USA"
3702	"Arabidopsis thaliana"	"CAR0653"	"CAR0653"	"CAR0653"	"2023-04-02"	"USA"
3702	"Arabidopsis thaliana"	"CAR0654"	"CAR0654"	"CAR0654"	"2023-04-02"	"USA"
3702	"Arabidopsis thaliana"	"CAR0667"	"CAR0667"	"CAR0667"	"2023-04-03"	"USA"
3702	"Arabidopsis thaliana"	"CAR0669"	"CAR0669"	"CAR0669"	"2023-04-03"	"USA"
3702	"Arabidopsis thaliana"	"CAR0671"	"CAR0671"	"CAR0671"	"2023-04-03"	"USA"
3702	"Arabidopsis thaliana"	"CAR0672"	"CAR0672"	"CAR0672"	"2023-04-03"	"USA"
3702	"Arabidopsis thaliana"	"CAR0673"	"CAR0673"	"CAR0673"	"2023-04-03"	"USA"
3702	"Arabidopsis thaliana"	"CAR0674"	"CAR0674"	"CAR0674"	"2023-04-03"	"USA"
3702	"Arabidopsis thaliana"	"CAR0678"	"CAR0678"	"CAR0678"	"2023-04-03"	"USA"
3702	"Arabidopsis thaliana"	"CAR0686"	"CAR0686"	"CAR0686"	"2023-04-03"	"USA"
3702	"Arabidopsis thaliana"	"CAR0691"	"CAR0691"	"CAR0691"	"2023-04-03"	"USA"
3702	"Arabidopsis thaliana"	"CAR0692"	"CAR0692"	"CAR0692"	"2023-04-03"	"USA"
3702	"Arabidopsis thaliana"	"CAR0722"	"CAR0722"	"CAR0722"	"2023-04-04"	"USA"
3702	"Arabidopsis thaliana"	"CAR0723"	"CAR0723"	"CAR0723"	"2023-04-04"	"USA"
3702	"Arabidopsis thaliana"	"CAR0725"	"CAR0725"	"CAR0725"	"2023-04-04"	"USA"
3702	"Arabidopsis thaliana"	"CAR0726"	"CAR0726"	"CAR0726"	"2023-04-04"	"USA"
3702	"Arabidopsis thaliana"	"CAR0728"	"CAR0728"	"CAR0728"	"2023-04-04"	"USA"
3702	"Arabidopsis thaliana"	"CAR0739"	"CAR0739"	"CAR0739"	"2023-04-04"	"USA"
3702	"Arabidopsis thaliana"	"CAR0745"	"CAR0745"	"CAR0745"	"2023-04-04"	"USA"
3702	"Arabidopsis thaliana"	"CAR0746"	"CAR0746"	"CAR0746"	"2023-04-04"	"USA"
3702	"Arabidopsis thaliana"	"CAR0750"	"CAR0750"	"CAR0750"	"2023-04-04"	"USA"
3702	"Arabidopsis thaliana"	"CAR0757"	"CAR0757"	"CAR0757"	"2023-04-04"	"USA"
3702	"Arabidopsis thaliana"	"CAR0759"	"CAR0759"	"CAR0759"	"2023-04-04"	"USA"
3702	"Arabidopsis thaliana"	"CAR0763"	"CAR0763"	"CAR0763"	"2023-04-04"	"USA"
3702	"Arabidopsis thaliana"	"CAR0764"	"CAR0764"	"CAR0764"	"2023-04-04"	"USA"
3702	"Arabidopsis thaliana"	"CAR0768"	"CAR0768"	"CAR0768"	"2023-04-04"	"USA"
3702	"Arabidopsis thaliana"	"CAR0779"	"CAR0779"	"CAR0779"	"2023-04-04"	"USA"
3702	"Arabidopsis thaliana"	"CAR0780"	"CAR0780"	"CAR0780"	"2023-04-04"	"USA"
3702	"Arabidopsis thaliana"	"CAR0783"	"CAR0783"	"CAR0783"	"2023-04-04"	"USA"
3702	"Arabidopsis thaliana"	"CAR0786"	"CAR0786"	"CAR0786"	"2023-04-04"	"USA"
3702	"Arabidopsis thaliana"	"CAR0794"	"CAR0794"	"CAR0794"	"2023-04-05"	"USA"
3702	"Arabidopsis thaliana"	"CAR0797"	"CAR0797"	"CAR0797"	"2023-04-05"	"USA"
3702	"Arabidopsis thaliana"	"CAR0799"	"CAR0799"	"CAR0799"	"2023-04-05"	"USA"
3702	"Arabidopsis thaliana"	"CAR0800"	"CAR0800"	"CAR0800"	"2023-04-05"	"USA"
3702	"Arabidopsis thaliana"	"CAR0811"	"CAR0811"	"CAR0811"	"2023-04-05"	"USA"
3702	"Arabidopsis thaliana"	"CAR0812"	"CAR0812"	"CAR0812"	"2023-04-05"	"USA"
3702	"Arabidopsis thaliana"	"CAR0815"	"CAR0815"	"CAR0815"	"2023-04-05"	"USA"
3702	"Arabidopsis thaliana"	"CAR0816"	"CAR0816"	"CAR0816"	"2023-04-05"	"USA"
3702	"Arabidopsis thaliana"	"CAR0817"	"CAR0817"	"CAR0817"	"2023-04-05"	"USA"
3702	"Arabidopsis thaliana"	"CAR0821"	"CAR0821"	"CAR0821"	"2023-04-05"	"USA"
3702	"Arabidopsis thaliana"	"CAR0822"	"CAR0822"	"CAR0822"	"2023-04-05"	"USA"
3702	"Arabidopsis thaliana"	"CAR0830"	"CAR0830"	"CAR0830"	"2023-04-06"	"USA"
3702	"Arabidopsis thaliana"	"CAR0836"	"CAR0836"	"CAR0836"	"2023-04-06"	"USA"
3702	"Arabidopsis thaliana"	"CAR0839"	"CAR0839"	"CAR0839"	"2023-04-06"	"USA"
3702	"Arabidopsis thaliana"	"CAR0847"	"CAR0847"	"CAR0847"	"2023-04-06"	"USA"
3702	"Arabidopsis thaliana"	"CAR0851"	"CAR0851"	"CAR0851"	"2023-04-06"	"USA"
3702	"Arabidopsis thaliana"	"CAR0852"	"CAR0852"	"CAR0852"	"2023-04-06"	"USA"
3702	"Arabidopsis thaliana"	"CAR0854"	"CAR0854"	"CAR0854"	"2023-04-06"	"USA"
3702	"Arabidopsis thaliana"	"CAR0855"	"CAR0855"	"CAR0855"	"2023-04-06"	"USA"
3702	"Arabidopsis thaliana"	"CAR0857"	"CAR0857"	"CAR0857"	"2023-04-06"	"USA"
3702	"Arabidopsis thaliana"	"CAR0858"	"CAR0858"	"CAR0858"	"2023-04-06"	"USA"
3702	"Arabidopsis thaliana"	"CAR0868"	"CAR0868"	"CAR0868"	"2023-04-06"	"USA"
3702	"Arabidopsis thaliana"	"CAR0870"	"CAR0870"	"CAR0870"	"2023-04-06"	"USA"
3702	"Arabidopsis thaliana"	"CAR0872"	"CAR0872"	"CAR0872"	"2023-04-06"	"USA"
3702	"Arabidopsis thaliana"	"CAR0873"	"CAR0873"	"CAR0873"	"2023-04-06"	"USA"
3702	"Arabidopsis thaliana"	"CAR0875"	"CAR0875"	"CAR0875"	"2023-04-06"	"USA"
3702	"Arabidopsis thaliana"	"CAR0883"	"CAR0883"	"CAR0883"	"2023-04-07"	"USA"
3702	"Arabidopsis thaliana"	"CAR0884"	"CAR0884"	"CAR0884"	"2023-04-07"	"USA"
3702	"Arabidopsis thaliana"	"CAR0885"	"CAR0885"	"CAR0885"	"2023-04-07"	"USA"
3702	"Arabidopsis thaliana"	"CAR0888"	"CAR0888"	"CAR0888"	"2023-04-07"	"USA"
3702	"Arabidopsis thaliana"	"CAR0889"	"CAR0889"	"CAR0889"	"2023-04-07"	"USA"
3702	"Arabidopsis thaliana"	"CAR0890"	"CAR0890"	"CAR0890"	"2023-04-07"	"USA"
3702	"Arabidopsis thaliana"	"CAR0891"	"CAR0891"	"CAR0891"	"2023-04-07"	"USA"
3702	"Arabidopsis thaliana"	"CAR0893"	"CAR0893"	"CAR0893"	"2023-04-07"	"USA"
3702	"Arabidopsis thaliana"	"CAR0894"	"CAR0894"	"CAR0894"	"2023-04-07"	"USA"
3702	"Arabidopsis thaliana"	"CAR0903"	"CAR0903"	"CAR0903"	"2023-04-07"	"USA"
3702	"Arabidopsis thaliana"	"CAR0905"	"CAR0905"	"CAR0905"	"2023-04-07"	"USA"
3702	"Arabidopsis thaliana"	"CAR0906"	"CAR0906"	"CAR0906"	"2023-04-07"	"USA"
3702	"Arabidopsis thaliana"	"CAR0907"	"CAR0907"	"CAR0907"	"2023-04-07"	"USA"
3702	"Arabidopsis thaliana"	"CAR0908"	"CAR0908"	"CAR0908"	"2023-04-07"	"USA"
3702	"Arabidopsis thaliana"	"CAR0911"	"CAR0911"	"CAR0911"	"2023-04-07"	"USA"
3702	"Arabidopsis thaliana"	"CAR0912"	"CAR0912"	"CAR0912"	"2023-04-07"	"USA"
3702	"Arabidopsis thaliana"	"CAR0919"	"CAR0919"	"CAR0919"	"2023-04-08"	"USA"
3702	"Arabidopsis thaliana"	"CAR0920"	"CAR0920"	"CAR0920"	"2023-04-08"	"USA"
3702	"Arabidopsis thaliana"	"CAR0923"	"CAR0923"	"CAR0923"	"2023-04-08"	"USA"
3702	"Arabidopsis thaliana"	"CAR0924"	"CAR0924"	"CAR0924"	"2023-04-08"	"USA"
3702	"Arabidopsis thaliana"	"CAR0925"	"CAR0925"	"CAR0925"	"2023-04-08"	"USA"
3702	"Arabidopsis thaliana"	"CAR0926"	"CAR0926"	"CAR0926"	"2023-04-08"	"USA"
3702	"Arabidopsis thaliana"	"CAR0929"	"CAR0929"	"CAR0929"	"2023-04-08"	"USA"
3702	"Arabidopsis thaliana"	"CAR0937"	"CAR0937"	"CAR0937"	"2023-04-08"	"USA"
3702	"Arabidopsis thaliana"	"CAR0938"	"CAR0938"	"CAR0938"	"2023-04-08"	"USA"
3702	"Arabidopsis thaliana"	"CAR0941"	"CAR0941"	"CAR0941"	"2023-04-08"	"USA"
3702	"Arabidopsis thaliana"	"CAR0944"	"CAR0944"	"CAR0944"	"2023-04-08"	"USA"
3702	"Arabidopsis thaliana"	"CAR0945"	"CAR0945"	"CAR0945"	"2023-04-08"	"USA"
3702	"Arabidopsis thaliana"	"CAR0947"	"CAR0947"	"CAR0947"	"2023-04-08"	"USA"
3702	"Arabidopsis thaliana"	"CAR0948"	"CAR0948"	"CAR0948"	"2023-04-08"	"USA"
3702	"Arabidopsis thaliana"	"CAR0955"	"CAR0955"	"CAR0955"	"2023-04-08"	"USA"
3702	"Arabidopsis thaliana"	"CAR0956"	"CAR0956"	"CAR0956"	"2023-04-08"	"USA"
3702	"Arabidopsis thaliana"	"CAR0957"	"CAR0957"	"CAR0957"	"2023-04-08"	"USA"
3702	"Arabidopsis thaliana"	"CAR0959"	"CAR0959"	"CAR0959"	"2023-04-08"	"USA"
3702	"Arabidopsis thaliana"	"CAR0960"	"CAR0960"	"CAR0960"	"2023-04-08"	"USA"
3702	"Arabidopsis thaliana"	"CAR0963"	"CAR0963"	"CAR0963"	"2023-04-08"	"USA"
3702	"Arabidopsis thaliana"	"CAR0966"	"CAR0966"	"CAR0966"	"2023-04-08"	"USA"
3702	"Arabidopsis thaliana"	"CGR0001"	"CGR0001"	"CGR0001"	"2022-11-04"	"Germany"
3702	"Arabidopsis thaliana"	"CGR0002"	"CGR0002"	"CGR0002"	"2022-11-04"	"Germany"
3702	"Arabidopsis thaliana"	"CGR0003"	"CGR0003"	"CGR0003"	"2022-11-04"	"Germany"
3702	"Arabidopsis thaliana"	"CGR0004"	"CGR0004"	"CGR0004"	"2022-11-04"	"Germany"
3702	"Arabidopsis thaliana"	"CGR0008"	"CGR0008"	"CGR0008"	"2022-11-04"	"Germany"
3702	"Arabidopsis thaliana"	"CGR0009"	"CGR0009"	"CGR0009"	"2022-11-04"	"Germany"
3702	"Arabidopsis thaliana"	"CGR0011"	"CGR0011"	"CGR0011"	"2022-11-04"	"Germany"
3702	"Arabidopsis thaliana"	"CGR0013"	"CGR0013"	"CGR0013"	"2022-11-07"	"Germany"
3702	"Arabidopsis thaliana"	"CGR0014"	"CGR0014"	"CGR0014"	"2022-11-07"	"Germany"
3702	"Arabidopsis thaliana"	"CGR0015"	"CGR0015"	"CGR0015"	"2022-11-07"	"Germany"
3702	"Arabidopsis thaliana"	"CGR0017"	"CGR0017"	"CGR0017"	"2022-11-07"	"Germany"
3702	"Arabidopsis thaliana"	"CGR0018"	"CGR0018"	"CGR0018"	"2022-11-07"	"Germany"
3702	"Arabidopsis thaliana"	"CGR0020"	"CGR0020"	"CGR0020"	"2022-11-07"	"Germany"
3702	"Arabidopsis thaliana"	"CGR0022"	"CGR0022"	"CGR0022"	"2022-11-07"	"Germany"
3702	"Arabidopsis thaliana"	"CGR0023"	"CGR0023"	"CGR0023"	"2022-11-07"	"Germany"
3702	"Arabidopsis thaliana"	"CGR0028"	"CGR0028"	"CGR0028"	"2022-11-08"	"Germany"
3702	"Arabidopsis thaliana"	"CGR0031"	"CGR0031"	"CGR0031"	"2022-11-08"	"Germany"
3702	"Arabidopsis thaliana"	"CGR0032"	"CGR0032"	"CGR0032"	"2022-11-08"	"Germany"
3702	"Arabidopsis thaliana"	"CGR0033"	"CGR0033"	"CGR0033"	"2022-11-08"	"Germany"
3702	"Arabidopsis thaliana"	"CGR0035"	"CGR0035"	"CGR0035"	"2022-11-08"	"Germany"
3702	"Arabidopsis thaliana"	"CGR0037"	"CGR0037"	"CGR0037"	"2022-11-08"	"Germany"
3702	"Arabidopsis thaliana"	"CGR0038"	"CGR0038"	"CGR0038"	"2022-11-08"	"Germany"
3702	"Arabidopsis thaliana"	"CGR0039"	"CGR0039"	"CGR0039"	"2022-11-08"	"Germany"
3702	"Arabidopsis thaliana"	"CGR0041"	"CGR0041"	"CGR0041"	"2022-11-08"	"Germany"
3702	"Arabidopsis thaliana"	"CGR0043"	"CGR0043"	"CGR0043"	"2022-11-08"	"Germany"
3702	"Arabidopsis thaliana"	"CGR0044"	"CGR0044"	"CGR0044"	"2022-11-08"	"Germany"
3702	"Arabidopsis thaliana"	"CGR0045"	"CGR0045"	"CGR0045"	"2022-11-08"	"Germany"
3702	"Arabidopsis thaliana"	"CGR0046"	"CGR0046"	"CGR0046"	"2022-11-08"	"Germany"
3702	"Arabidopsis thaliana"	"CGR0048"	"CGR0048"	"CGR0048"	"2022-11-08"	"Germany"
3702	"Arabidopsis thaliana"	"CGR0049"	"CGR0049"	"CGR0049"	"2022-11-10"	"Germany"
3702	"Arabidopsis thaliana"	"CGR0050"	"CGR0050"	"CGR0050"	"2022-11-10"	"Germany"
3702	"Arabidopsis thaliana"	"CGR0054"	"CGR0054"	"CGR0054"	"2022-11-10"	"Germany"
3702	"Arabidopsis thaliana"	"CGR0057"	"CGR0057"	"CGR0057"	"2022-11-10"	"Germany"
3702	"Arabidopsis thaliana"	"CGR0058"	"CGR0058"	"CGR0058"	"2022-11-10"	"Germany"
3702	"Arabidopsis thaliana"	"CGR0060"	"CGR0060"	"CGR0060"	"2022-11-10"	"Germany"
3702	"Arabidopsis thaliana"	"CGR0061"	"CGR0061"	"CGR0061"	"2022-11-10"	"Germany"
3702	"Arabidopsis thaliana"	"CGR0065"	"CGR0065"	"CGR0065"	"2022-11-10"	"Germany"
3702	"Arabidopsis thaliana"	"CGR0072"	"CGR0072"	"CGR0072"	"2022-11-10"	"Germany"
3702	"Arabidopsis thaliana"	"CGR0080"	"CGR0080"	"CGR0080"	"2022-11-14"	"Germany"
3702	"Arabidopsis thaliana"	"CGR0081"	"CGR0081"	"CGR0081"	"2022-11-14"	"Germany"
3702	"Arabidopsis thaliana"	"CGR0085"	"CGR0085"	"CGR0085"	"2022-11-14"	"Germany"
3702	"Arabidopsis thaliana"	"CGR0086"	"CGR0086"	"CGR0086"	"2022-11-14"	"Germany"
3702	"Arabidopsis thaliana"	"CGR0087"	"CGR0087"	"CGR0087"	"2022-11-14"	"Germany"
3702	"Arabidopsis thaliana"	"CGR0092"	"CGR0092"	"CGR0092"	"2022-11-14"	"Germany"
3702	"Arabidopsis thaliana"	"CGR0093"	"CGR0093"	"CGR0093"	"2022-11-14"	"Germany"
3702	"Arabidopsis thaliana"	"CGR0099"	"CGR0099"	"CGR0099"	"2022-11-17"	"Germany"
3702	"Arabidopsis thaliana"	"CGR0100"	"CGR0100"	"CGR0100"	"2022-11-17"	"Germany"
3702	"Arabidopsis thaliana"	"CGR0101"	"CGR0101"	"CGR0101"	"2022-11-17"	"Germany"
3702	"Arabidopsis thaliana"	"CGR0103"	"CGR0103"	"CGR0103"	"2022-11-17"	"Germany"
3702	"Arabidopsis thaliana"	"CGR0105"	"CGR0105"	"CGR0105"	"2022-11-17"	"Germany"
3702	"Arabidopsis thaliana"	"CGR0106"	"CGR0106"	"CGR0106"	"2022-11-17"	"Germany"
3702	"Arabidopsis thaliana"	"CGR0107"	"CGR0107"	"CGR0107"	"2022-11-17"	"Germany"
3702	"Arabidopsis thaliana"	"CGR0110"	"CGR0110"	"CGR0110"	"2022-11-17"	"Germany"
3702	"Arabidopsis thaliana"	"CGR0111"	"CGR0111"	"CGR0111"	"2022-11-17"	"Germany"
3702	"Arabidopsis thaliana"	"CGR0112"	"CGR0112"	"CGR0112"	"2022-11-17"	"Germany"
3702	"Arabidopsis thaliana"	"CGR0114"	"CGR0114"	"CGR0114"	"2022-11-17"	"Germany"
3702	"Arabidopsis thaliana"	"CGR0116"	"CGR0116"	"CGR0116"	"2022-11-17"	"Germany"
3702	"Arabidopsis thaliana"	"CGR0119"	"CGR0119"	"CGR0119"	"2022-11-17"	"Germany"
3702	"Arabidopsis thaliana"	"CGR0121"	"CGR0121"	"CGR0121"	"2022-11-22"	"Germany"
3702	"Arabidopsis thaliana"	"CGR0123"	"CGR0123"	"CGR0123"	"2022-11-22"	"Germany"
3702	"Arabidopsis thaliana"	"CGR0125"	"CGR0125"	"CGR0125"	"2022-11-22"	"Germany"
3702	"Arabidopsis thaliana"	"CGR0126"	"CGR0126"	"CGR0126"	"2022-11-22"	"Germany"
3702	"Arabidopsis thaliana"	"CGR0132"	"CGR0132"	"CGR0132"	"2022-11-22"	"Germany"
3702	"Arabidopsis thaliana"	"CGR0134"	"CGR0134"	"CGR0134"	"2022-11-22"	"Germany"
3702	"Arabidopsis thaliana"	"CGR0135"	"CGR0135"	"CGR0135"	"2022-11-22"	"Germany"
3702	"Arabidopsis thaliana"	"CGR0138"	"CGR0138"	"CGR0138"	"2022-11-22"	"Germany"
3702	"Arabidopsis thaliana"	"CGR0141"	"CGR0141"	"CGR0141"	"2022-11-22"	"Germany"
3702	"Arabidopsis thaliana"	"CGR0144"	"CGR0144"	"CGR0144"	"2022-11-22"	"Germany"
3702	"Arabidopsis thaliana"	"CGR0146"	"CGR0146"	"CGR0146"	"2022-11-23"	"Germany"
3702	"Arabidopsis thaliana"	"CGR0148"	"CGR0148"	"CGR0148"	"2022-11-23"	"Germany"
3702	"Arabidopsis thaliana"	"CGR0150"	"CGR0150"	"CGR0150"	"2022-11-23"	"Germany"
3702	"Arabidopsis thaliana"	"CGR0151"	"CGR0151"	"CGR0151"	"2022-11-23"	"Germany"
3702	"Arabidopsis thaliana"	"CGR0153"	"CGR0153"	"CGR0153"	"2022-11-23"	"Germany"
3702	"Arabidopsis thaliana"	"CGR0157"	"CGR0157"	"CGR0157"	"2022-11-23"	"Germany"
3702	"Arabidopsis thaliana"	"CGR0158"	"CGR0158"	"CGR0158"	"2022-11-24"	"Germany"
3702	"Arabidopsis thaliana"	"CGR0159"	"CGR0159"	"CGR0159"	"2022-11-24"	"Germany"
3702	"Arabidopsis thaliana"	"CGR0160"	"CGR0160"	"CGR0160"	"2022-11-24"	"Germany"
3702	"Arabidopsis thaliana"	"CGR0162"	"CGR0162"	"CGR0162"	"2022-11-24"	"Germany"
3702	"Arabidopsis thaliana"	"CGR0164"	"CGR0164"	"CGR0164"	"2022-11-24"	"Germany"
3702	"Arabidopsis thaliana"	"CGR0165"	"CGR0165"	"CGR0165"	"2022-11-24"	"Germany"
3702	"Arabidopsis thaliana"	"CGR0167"	"CGR0167"	"CGR0167"	"2022-11-24"	"Germany"
3702	"Arabidopsis thaliana"	"CGR0168"	"CGR0168"	"CGR0168"	"2022-11-24"	"Germany"
3702	"Arabidopsis thaliana"	"CGR0170"	"CGR0170"	"CGR0170"	"2022-11-25"	"Germany"
3702	"Arabidopsis thaliana"	"CGR0171"	"CGR0171"	"CGR0171"	"2022-11-25"	"Germany"
3702	"Arabidopsis thaliana"	"CGR0173"	"CGR0173"	"CGR0173"	"2022-11-25"	"Germany"
3702	"Arabidopsis thaliana"	"CGR0174"	"CGR0174"	"CGR0174"	"2022-11-25"	"Germany"
3702	"Arabidopsis thaliana"	"CGR0175"	"CGR0175"	"CGR0175"	"2022-11-25"	"Germany"
3702	"Arabidopsis thaliana"	"CGR0176"	"CGR0176"	"CGR0176"	"2022-11-25"	"Germany"
3702	"Arabidopsis thaliana"	"CGR0178"	"CGR0178"	"CGR0178"	"2022-11-25"	"Germany"
3702	"Arabidopsis thaliana"	"CGR0179"	"CGR0179"	"CGR0179"	"2022-11-25"	"Germany"
3702	"Arabidopsis thaliana"	"CGR0180"	"CGR0180"	"CGR0180"	"2022-11-25"	"Germany"
3702	"Arabidopsis thaliana"	"CGR0184"	"CGR0184"	"CGR0184"	"2022-11-25"	"Germany"
3702	"Arabidopsis thaliana"	"CGR0185"	"CGR0185"	"CGR0185"	"2022-11-25"	"Germany"
3702	"Arabidopsis thaliana"	"CGR0190"	"CGR0190"	"CGR0190"	"2022-11-25"	"Germany"
3702	"Arabidopsis thaliana"	"CGR0192"	"CGR0192"	"CGR0192"	"2022-11-25"	"Germany"
3702	"Arabidopsis thaliana"	"CGR0194"	"CGR0194"	"CGR0194"	"2022-11-29"	"Germany"
3702	"Arabidopsis thaliana"	"CGR0197"	"CGR0197"	"CGR0197"	"2022-11-29"	"Germany"
3702	"Arabidopsis thaliana"	"CGR0198"	"CGR0198"	"CGR0198"	"2022-11-29"	"Germany"
3702	"Arabidopsis thaliana"	"CGR0199"	"CGR0199"	"CGR0199"	"2022-11-29"	"Germany"
3702	"Arabidopsis thaliana"	"CGR0201"	"CGR0201"	"CGR0201"	"2022-11-29"	"Germany"
3702	"Arabidopsis thaliana"	"CGR0202"	"CGR0202"	"CGR0202"	"2022-11-29"	"Germany"
3702	"Arabidopsis thaliana"	"CGR0203"	"CGR0203"	"CGR0203"	"2022-11-29"	"Germany"
3702	"Arabidopsis thaliana"	"CGR0204"	"CGR0204"	"CGR0204"	"2022-11-29"	"Germany"
3702	"Arabidopsis thaliana"	"CGR0206"	"CGR0206"	"CGR0206"	"2022-11-29"	"Germany"
3702	"Arabidopsis thaliana"	"CGR0208"	"CGR0208"	"CGR0208"	"2022-11-29"	"Germany"
3702	"Arabidopsis thaliana"	"CGR0209"	"CGR0209"	"CGR0209"	"2022-11-29"	"Germany"
3702	"Arabidopsis thaliana"	"CGR0211"	"CGR0211"	"CGR0211"	"2022-11-29"	"Germany"
3702	"Arabidopsis thaliana"	"CGR0212"	"CGR0212"	"CGR0212"	"2022-11-29"	"Germany"
3702	"Arabidopsis thaliana"	"CGR0213"	"CGR0213"	"CGR0213"	"2022-11-29"	"Germany"
3702	"Arabidopsis thaliana"	"CGR0215"	"CGR0215"	"CGR0215"	"2022-11-29"	"Germany"
3702	"Arabidopsis thaliana"	"CGR0216"	"CGR0216"	"CGR0216"	"2022-11-29"	"Germany"
3702	"Arabidopsis thaliana"	"CGR0217"	"CGR0217"	"CGR0217"	"2022-11-29"	"Germany"
3702	"Arabidopsis thaliana"	"CGR0218"	"CGR0218"	"CGR0218"	"2022-11-30"	"Germany"
3702	"Arabidopsis thaliana"	"CGR0219"	"CGR0219"	"CGR0219"	"2022-11-30"	"Germany"
3702	"Arabidopsis thaliana"	"CGR0220"	"CGR0220"	"CGR0220"	"2022-11-30"	"Germany"
3702	"Arabidopsis thaliana"	"CGR0222"	"CGR0222"	"CGR0222"	"2022-11-30"	"Germany"
3702	"Arabidopsis thaliana"	"CGR0223"	"CGR0223"	"CGR0223"	"2022-11-30"	"Germany"
3702	"Arabidopsis thaliana"	"CGR0229"	"CGR0229"	"CGR0229"	"2022-11-30"	"Germany"
3702	"Arabidopsis thaliana"	"CGR0230"	"CGR0230"	"CGR0230"	"2022-11-30"	"Germany"
3702	"Arabidopsis thaliana"	"CGR0231"	"CGR0231"	"CGR0231"	"2022-11-30"	"Germany"
3702	"Arabidopsis thaliana"	"CGR0232"	"CGR0232"	"CGR0232"	"2022-11-30"	"Germany"
3702	"Arabidopsis thaliana"	"CGR0233"	"CGR0233"	"CGR0233"	"2022-11-30"	"Germany"
3702	"Arabidopsis thaliana"	"CGR0235"	"CGR0235"	"CGR0235"	"2022-11-30"	"Germany"
3702	"Arabidopsis thaliana"	"CGR0236"	"CGR0236"	"CGR0236"	"2022-11-30"	"Germany"
3702	"Arabidopsis thaliana"	"CGR0237"	"CGR0237"	"CGR0237"	"2022-11-30"	"Germany"
3702	"Arabidopsis thaliana"	"CGR0238"	"CGR0238"	"CGR0238"	"2022-11-30"	"Germany"
3702	"Arabidopsis thaliana"	"CGR0240"	"CGR0240"	"CGR0240"	"2022-11-30"	"Germany"
3702	"Arabidopsis thaliana"	"CGR0242"	"CGR0242"	"CGR0242"	"2023-02-13"	"Germany"
3702	"Arabidopsis thaliana"	"CGR0245"	"CGR0245"	"CGR0245"	"2023-02-13"	"Germany"
3702	"Arabidopsis thaliana"	"CGR0248"	"CGR0248"	"CGR0248"	"2023-02-13"	"Germany"
3702	"Arabidopsis thaliana"	"CGR0250"	"CGR0250"	"CGR0250"	"2023-02-13"	"Germany"
3702	"Arabidopsis thaliana"	"CGR0251"	"CGR0251"	"CGR0251"	"2023-02-13"	"Germany"
3702	"Arabidopsis thaliana"	"CGR0252"	"CGR0252"	"CGR0252"	"2023-02-13"	"Germany"
3702	"Arabidopsis thaliana"	"CGR0256"	"CGR0256"	"CGR0256"	"2023-02-14"	"Germany"
3702	"Arabidopsis thaliana"	"CGR0257"	"CGR0257"	"CGR0257"	"2023-02-14"	"Germany"
3702	"Arabidopsis thaliana"	"CGR0259"	"CGR0259"	"CGR0259"	"2023-02-14"	"Germany"
3702	"Arabidopsis thaliana"	"CGR0260"	"CGR0260"	"CGR0260"	"2023-02-14"	"Germany"
3702	"Arabidopsis thaliana"	"CGR0261"	"CGR0261"	"CGR0261"	"2023-02-14"	"Germany"
3702	"Arabidopsis thaliana"	"CGR0262"	"CGR0262"	"CGR0262"	"2023-02-14"	"Germany"
3702	"Arabidopsis thaliana"	"CGR0263"	"CGR0263"	"CGR0263"	"2023-02-14"	"Germany"
3702	"Arabidopsis thaliana"	"CGR0265"	"CGR0265"	"CGR0265"	"2023-02-14"	"Germany"
3702	"Arabidopsis thaliana"	"CGR0266"	"CGR0266"	"CGR0266"	"2023-02-14"	"Germany"
3702	"Arabidopsis thaliana"	"CGR0267"	"CGR0267"	"CGR0267"	"2023-02-14"	"Germany"
3702	"Arabidopsis thaliana"	"CGR0268"	"CGR0268"	"CGR0268"	"2023-02-14"	"Germany"
3702	"Arabidopsis thaliana"	"CGR0269"	"CGR0269"	"CGR0269"	"2023-02-14"	"Germany"
3702	"Arabidopsis thaliana"	"CGR0271"	"CGR0271"	"CGR0271"	"2023-02-14"	"Germany"
3702	"Arabidopsis thaliana"	"CGR0272"	"CGR0272"	"CGR0272"	"2023-02-14"	"Germany"
3702	"Arabidopsis thaliana"	"CGR0274"	"CGR0274"	"CGR0274"	"2023-02-14"	"Germany"
3702	"Arabidopsis thaliana"	"CGR0277"	"CGR0277"	"CGR0277"	"2023-02-14"	"Germany"
3702	"Arabidopsis thaliana"	"CGR0278"	"CGR0278"	"CGR0278"	"2023-02-15"	"Germany"
3702	"Arabidopsis thaliana"	"CGR0279"	"CGR0279"	"CGR0279"	"2023-02-15"	"Germany"
3702	"Arabidopsis thaliana"	"CGR0281"	"CGR0281"	"CGR0281"	"2023-02-15"	"Germany"
3702	"Arabidopsis thaliana"	"CGR0282"	"CGR0282"	"CGR0282"	"2023-02-15"	"Germany"
3702	"Arabidopsis thaliana"	"CGR0283"	"CGR0283"	"CGR0283"	"2023-02-15"	"Germany"
3702	"Arabidopsis thaliana"	"CGR0285"	"CGR0285"	"CGR0285"	"2023-02-15"	"Germany"
3702	"Arabidopsis thaliana"	"CGR0287"	"CGR0287"	"CGR0287"	"2023-02-15"	"Germany"
3702	"Arabidopsis thaliana"	"CGR0290"	"CGR0290"	"CGR0290"	"2023-02-15"	"Germany"
3702	"Arabidopsis thaliana"	"CGR0292"	"CGR0292"	"CGR0292"	"2023-02-15"	"Germany"
3702	"Arabidopsis thaliana"	"CGR0293"	"CGR0293"	"CGR0293"	"2023-02-15"	"Germany"
3702	"Arabidopsis thaliana"	"CGR0295"	"CGR0295"	"CGR0295"	"2023-02-15"	"Germany"
3702	"Arabidopsis thaliana"	"CGR0299"	"CGR0299"	"CGR0299"	"2023-02-15"	"Germany"
3702	"Arabidopsis thaliana"	"CGR0302"	"CGR0302"	"CGR0302"	"2023-02-16"	"Germany"
3702	"Arabidopsis thaliana"	"CGR0305"	"CGR0305"	"CGR0305"	"2023-02-16"	"Germany"
3702	"Arabidopsis thaliana"	"CGR0308"	"CGR0308"	"CGR0308"	"2023-02-16"	"Germany"
3702	"Arabidopsis thaliana"	"CGR0309"	"CGR0309"	"CGR0309"	"2023-02-16"	"Germany"
3702	"Arabidopsis thaliana"	"CGR0310"	"CGR0310"	"CGR0310"	"2023-02-16"	"Germany"
3702	"Arabidopsis thaliana"	"CGR0313"	"CGR0313"	"CGR0313"	"2023-02-16"	"Germany"
3702	"Arabidopsis thaliana"	"CGR0314"	"CGR0314"	"CGR0314"	"2023-02-16"	"Germany"
3702	"Arabidopsis thaliana"	"CGR0315"	"CGR0315"	"CGR0315"	"2023-02-16"	"Germany"
3702	"Arabidopsis thaliana"	"CGR0320"	"CGR0320"	"CGR0320"	"2023-02-16"	"Germany"
3702	"Arabidopsis thaliana"	"CGR0321"	"CGR0321"	"CGR0321"	"2023-02-16"	"Germany"
3702	"Arabidopsis thaliana"	"CGR0322"	"CGR0322"	"CGR0322"	"2023-02-16"	"Germany"
3702	"Arabidopsis thaliana"	"CGR0323"	"CGR0323"	"CGR0323"	"2023-02-16"	"Germany"
3702	"Arabidopsis thaliana"	"CGR0324"	"CGR0324"	"CGR0324"	"2023-02-16"	"Germany"
3702	"Arabidopsis thaliana"	"CGR0325"	"CGR0325"	"CGR0325"	"2023-02-16"	"Germany"
3702	"Arabidopsis thaliana"	"CGR0326"	"CGR0326"	"CGR0326"	"2023-02-17"	"Germany"
3702	"Arabidopsis thaliana"	"CGR0327"	"CGR0327"	"CGR0327"	"2023-02-17"	"Germany"
3702	"Arabidopsis thaliana"	"CGR0328"	"CGR0328"	"CGR0328"	"2023-02-17"	"Germany"
3702	"Arabidopsis thaliana"	"CGR0329"	"CGR0329"	"CGR0329"	"2023-02-17"	"Germany"
3702	"Arabidopsis thaliana"	"CGR0330"	"CGR0330"	"CGR0330"	"2023-02-17"	"Germany"
3702	"Arabidopsis thaliana"	"CGR0332"	"CGR0332"	"CGR0332"	"2023-02-17"	"Germany"
3702	"Arabidopsis thaliana"	"CGR0333"	"CGR0333"	"CGR0333"	"2023-02-17"	"Germany"
3702	"Arabidopsis thaliana"	"CGR0334"	"CGR0334"	"CGR0334"	"2023-02-17"	"Germany"
3702	"Arabidopsis thaliana"	"CGR0336"	"CGR0336"	"CGR0336"	"2023-02-17"	"Germany"
3702	"Arabidopsis thaliana"	"CGR0337"	"CGR0337"	"CGR0337"	"2023-02-17"	"Germany"
3702	"Arabidopsis thaliana"	"CGR0338"	"CGR0338"	"CGR0338"	"2023-02-17"	"Germany"
3702	"Arabidopsis thaliana"	"CGR0339"	"CGR0339"	"CGR0339"	"2023-02-17"	"Germany"
3702	"Arabidopsis thaliana"	"CGR0340"	"CGR0340"	"CGR0340"	"2023-02-17"	"Germany"
3702	"Arabidopsis thaliana"	"CGR0341"	"CGR0341"	"CGR0341"	"2023-02-17"	"Germany"
3702	"Arabidopsis thaliana"	"CGR0342"	"CGR0342"	"CGR0342"	"2023-02-17"	"Germany"
3702	"Arabidopsis thaliana"	"CGR0343"	"CGR0343"	"CGR0343"	"2023-02-17"	"Germany"
3702	"Arabidopsis thaliana"	"CGR0347"	"CGR0347"	"CGR0347"	"2023-02-17"	"Germany"
3702	"Arabidopsis thaliana"	"CGR0349"	"CGR0349"	"CGR0349"	"2023-02-17"	"Germany"
3702	"Arabidopsis thaliana"	"CGR0350"	"CGR0350"	"CGR0350"	"2023-02-20"	"Germany"
3702	"Arabidopsis thaliana"	"CGR0353"	"CGR0353"	"CGR0353"	"2023-02-20"	"Germany"
3702	"Arabidopsis thaliana"	"CGR0359"	"CGR0359"	"CGR0359"	"2023-02-20"	"Germany"
3702	"Arabidopsis thaliana"	"CGR0365"	"CGR0365"	"CGR0365"	"2023-02-20"	"Germany"
3702	"Arabidopsis thaliana"	"CGR0370"	"CGR0370"	"CGR0370"	"2023-02-20"	"Germany"
3702	"Arabidopsis thaliana"	"CGR0374"	"CGR0374"	"CGR0374"	"2023-02-21"	"Germany"
3702	"Arabidopsis thaliana"	"CGR0376"	"CGR0376"	"CGR0376"	"2023-02-21"	"Germany"
3702	"Arabidopsis thaliana"	"CGR0377"	"CGR0377"	"CGR0377"	"2023-02-21"	"Germany"
3702	"Arabidopsis thaliana"	"CGR0378"	"CGR0378"	"CGR0378"	"2023-02-21"	"Germany"
3702	"Arabidopsis thaliana"	"CGR0380"	"CGR0380"	"CGR0380"	"2023-02-21"	"Germany"
3702	"Arabidopsis thaliana"	"CGR0384"	"CGR0384"	"CGR0384"	"2023-02-21"	"Germany"
3702	"Arabidopsis thaliana"	"CGR0385"	"CGR0385"	"CGR0385"	"2023-02-21"	"Germany"
3702	"Arabidopsis thaliana"	"CGR0387"	"CGR0387"	"CGR0387"	"2023-02-21"	"Germany"
3702	"Arabidopsis thaliana"	"CGR0388"	"CGR0388"	"CGR0388"	"2023-02-21"	"Germany"
3702	"Arabidopsis thaliana"	"CGR0395"	"CGR0395"	"CGR0395"	"2023-02-21"	"Germany"
3702	"Arabidopsis thaliana"	"CGR0397"	"CGR0397"	"CGR0397"	"2023-02-21"	"Germany"
3702	"Arabidopsis thaliana"	"CGR0400"	"CGR0400"	"CGR0400"	"2023-02-22"	"Germany"
3702	"Arabidopsis thaliana"	"CGR0403"	"CGR0403"	"CGR0403"	"2023-02-22"	"Germany"
3702	"Arabidopsis thaliana"	"CGR0404"	"CGR0404"	"CGR0404"	"2023-02-22"	"Germany"
3702	"Arabidopsis thaliana"	"CGR0405"	"CGR0405"	"CGR0405"	"2023-02-22"	"Germany"
3702	"Arabidopsis thaliana"	"CGR0407"	"CGR0407"	"CGR0407"	"2023-02-22"	"Germany"
3702	"Arabidopsis thaliana"	"CGR0408"	"CGR0408"	"CGR0408"	"2023-02-22"	"Germany"
3702	"Arabidopsis thaliana"	"CGR0410"	"CGR0410"	"CGR0410"	"2023-02-22"	"Germany"
3702	"Arabidopsis thaliana"	"CGR0411"	"CGR0411"	"CGR0411"	"2023-02-22"	"Germany"
3702	"Arabidopsis thaliana"	"CGR0412"	"CGR0412"	"CGR0412"	"2023-02-22"	"Germany"
3702	"Arabidopsis thaliana"	"CGR0413"	"CGR0413"	"CGR0413"	"2023-02-22"	"Germany"
3702	"Arabidopsis thaliana"	"CGR0414"	"CGR0414"	"CGR0414"	"2023-02-22"	"Germany"
3702	"Arabidopsis thaliana"	"CGR0415"	"CGR0415"	"CGR0415"	"2023-02-22"	"Germany"
3702	"Arabidopsis thaliana"	"CGR0416"	"CGR0416"	"CGR0416"	"2023-02-22"	"Germany"
3702	"Arabidopsis thaliana"	"CGR0419"	"CGR0419"	"CGR0419"	"2023-02-22"	"Germany"
3702	"Arabidopsis thaliana"	"CGR0422"	"CGR0422"	"CGR0422"	"2023-02-23"	"Germany"
3702	"Arabidopsis thaliana"	"CGR0424"	"CGR0424"	"CGR0424"	"2023-02-23"	"Germany"
3702	"Arabidopsis thaliana"	"CGR0426"	"CGR0426"	"CGR0426"	"2023-02-23"	"Germany"
3702	"Arabidopsis thaliana"	"CGR0428"	"CGR0428"	"CGR0428"	"2023-02-23"	"Germany"
3702	"Arabidopsis thaliana"	"CGR0429"	"CGR0429"	"CGR0429"	"2023-02-23"	"Germany"
3702	"Arabidopsis thaliana"	"CGR0434"	"CGR0434"	"CGR0434"	"2023-02-23"	"Germany"
3702	"Arabidopsis thaliana"	"CGR0439"	"CGR0439"	"CGR0439"	"2023-02-23"	"Germany"
3702	"Arabidopsis thaliana"	"CGR0440"	"CGR0440"	"CGR0440"	"2023-02-23"	"Germany"
3702	"Arabidopsis thaliana"	"CGR0443"	"CGR0443"	"CGR0443"	"2023-02-23"	"Germany"
3702	"Arabidopsis thaliana"	"CGR0446"	"CGR0446"	"CGR0446"	"2023-02-24"	"Germany"
3702	"Arabidopsis thaliana"	"CGR0448"	"CGR0448"	"CGR0448"	"2023-02-24"	"Germany"
3702	"Arabidopsis thaliana"	"CGR0449"	"CGR0449"	"CGR0449"	"2023-02-24"	"Germany"
3702	"Arabidopsis thaliana"	"CGR0450"	"CGR0450"	"CGR0450"	"2023-02-24"	"Germany"
3702	"Arabidopsis thaliana"	"CGR0451"	"CGR0451"	"CGR0451"	"2023-02-24"	"Germany"
3702	"Arabidopsis thaliana"	"CGR0452"	"CGR0452"	"CGR0452"	"2023-02-24"	"Germany"
3702	"Arabidopsis thaliana"	"CGR0458"	"CGR0458"	"CGR0458"	"2023-02-24"	"Germany"
3702	"Arabidopsis thaliana"	"CGR0459"	"CGR0459"	"CGR0459"	"2023-02-24"	"Germany"
3702	"Arabidopsis thaliana"	"CGR0463"	"CGR0463"	"CGR0463"	"2023-02-24"	"Germany"
3702	"Arabidopsis thaliana"	"CGR0464"	"CGR0464"	"CGR0464"	"2023-02-24"	"Germany"
3702	"Arabidopsis thaliana"	"CGR0466"	"CGR0466"	"CGR0466"	"2023-02-24"	"Germany"
3702	"Arabidopsis thaliana"	"CGR0467"	"CGR0467"	"CGR0467"	"2023-02-24"	"Germany"
3702	"Arabidopsis thaliana"	"CFR0001"	"CFR0001"	"CFR0001"	"2022-11-28"	"France"
3702	"Arabidopsis thaliana"	"CFR0003"	"CFR0003"	"CFR0003"	"2022-11-28"	"France"
3702	"Arabidopsis thaliana"	"CFR0005"	"CFR0005"	"CFR0005"	"2022-11-28"	"France"
3702	"Arabidopsis thaliana"	"CFR0007"	"CFR0007"	"CFR0007"	"2022-11-28"	"France"
3702	"Arabidopsis thaliana"	"CFR0008"	"CFR0008"	"CFR0008"	"2022-11-28"	"France"
3702	"Arabidopsis thaliana"	"CFR0009"	"CFR0009"	"CFR0009"	"2022-11-28"	"France"
3702	"Arabidopsis thaliana"	"CFR0014"	"CFR0014"	"CFR0014"	"2022-11-29"	"France"
3702	"Arabidopsis thaliana"	"CFR0015"	"CFR0015"	"CFR0015"	"2022-11-29"	"France"
3702	"Arabidopsis thaliana"	"CFR0016"	"CFR0016"	"CFR0016"	"2022-11-29"	"France"
3702	"Arabidopsis thaliana"	"CFR0019"	"CFR0019"	"CFR0019"	"2022-11-29"	"France"
3702	"Arabidopsis thaliana"	"CFR0021"	"CFR0021"	"CFR0021"	"2022-11-29"	"France"
3702	"Arabidopsis thaliana"	"CFR0027"	"CFR0027"	"CFR0027"	"2022-11-29"	"France"
3702	"Arabidopsis thaliana"	"CFR0031"	"CFR0031"	"CFR0031"	"2022-11-29"	"France"
3702	"Arabidopsis thaliana"	"CFR0033"	"CFR0033"	"CFR0033"	"2022-11-29"	"France"
3702	"Arabidopsis thaliana"	"CFR0041"	"CFR0041"	"CFR0041"	"2022-11-30"	"France"
3702	"Arabidopsis thaliana"	"CFR0042"	"CFR0042"	"CFR0042"	"2022-11-30"	"France"
3702	"Arabidopsis thaliana"	"CFR0043"	"CFR0043"	"CFR0043"	"2022-11-30"	"France"
3702	"Arabidopsis thaliana"	"CFR0045"	"CFR0045"	"CFR0045"	"2022-11-30"	"France"
3702	"Arabidopsis thaliana"	"CFR0046"	"CFR0046"	"CFR0046"	"2022-11-30"	"France"
3702	"Arabidopsis thaliana"	"CFR0050"	"CFR0050"	"CFR0050"	"2022-11-30"	"France"
3702	"Arabidopsis thaliana"	"CFR0052"	"CFR0052"	"CFR0052"	"2022-11-30"	"France"
3702	"Arabidopsis thaliana"	"CFR0054"	"CFR0054"	"CFR0054"	"2022-11-30"	"France"
3702	"Arabidopsis thaliana"	"CFR0056"	"CFR0056"	"CFR0056"	"2022-11-30"	"France"
3702	"Arabidopsis thaliana"	"CFR0057"	"CFR0057"	"CFR0057"	"2022-11-30"	"France"
3702	"Arabidopsis thaliana"	"CFR0058"	"CFR0058"	"CFR0058"	"2022-11-30"	"France"
3702	"Arabidopsis thaliana"	"CFR0061"	"CFR0061"	"CFR0061"	"2022-12-01"	"France"
3702	"Arabidopsis thaliana"	"CFR0062"	"CFR0062"	"CFR0062"	"2022-12-01"	"France"
3702	"Arabidopsis thaliana"	"CFR0066"	"CFR0066"	"CFR0066"	"2022-12-01"	"France"
3702	"Arabidopsis thaliana"	"CFR0070"	"CFR0070"	"CFR0070"	"2022-12-01"	"France"
3702	"Arabidopsis thaliana"	"CFR0071"	"CFR0071"	"CFR0071"	"2022-12-01"	"France"
3702	"Arabidopsis thaliana"	"CFR0072"	"CFR0072"	"CFR0072"	"2022-12-01"	"France"
3702	"Arabidopsis thaliana"	"CFR0073"	"CFR0073"	"CFR0073"	"2022-12-01"	"France"
3702	"Arabidopsis thaliana"	"CFR0075"	"CFR0075"	"CFR0075"	"2022-12-01"	"France"
3702	"Arabidopsis thaliana"	"CFR0077"	"CFR0077"	"CFR0077"	"2022-12-01"	"France"
3702	"Arabidopsis thaliana"	"CFR0081"	"CFR0081"	"CFR0081"	"2022-12-01"	"France"
3702	"Arabidopsis thaliana"	"CFR0084"	"CFR0084"	"CFR0084"	"2022-12-01"	"France"
3702	"Arabidopsis thaliana"	"CFR0086"	"CFR0086"	"CFR0086"	"2022-12-02"	"France"
3702	"Arabidopsis thaliana"	"CFR0089"	"CFR0089"	"CFR0089"	"2022-12-02"	"France"
3702	"Arabidopsis thaliana"	"CFR0091"	"CFR0091"	"CFR0091"	"2022-12-02"	"France"
3702	"Arabidopsis thaliana"	"CFR0095"	"CFR0095"	"CFR0095"	"2022-12-02"	"France"
3702	"Arabidopsis thaliana"	"CFR0096"	"CFR0096"	"CFR0096"	"2022-12-02"	"France"
3702	"Arabidopsis thaliana"	"CFR0097"	"CFR0097"	"CFR0097"	"2022-12-02"	"France"
3702	"Arabidopsis thaliana"	"CFR0098"	"CFR0098"	"CFR0098"	"2022-12-02"	"France"
3702	"Arabidopsis thaliana"	"CFR0099"	"CFR0099"	"CFR0099"	"2022-12-02"	"France"
3702	"Arabidopsis thaliana"	"CFR0100"	"CFR0100"	"CFR0100"	"2022-12-02"	"France"
3702	"Arabidopsis thaliana"	"CFR0102"	"CFR0102"	"CFR0102"	"2022-12-02"	"France"
3702	"Arabidopsis thaliana"	"CFR0103"	"CFR0103"	"CFR0103"	"2022-12-02"	"France"
3702	"Arabidopsis thaliana"	"CFR0107"	"CFR0107"	"CFR0107"	"2022-12-02"	"France"
3702	"Arabidopsis thaliana"	"CFR0109"	"CFR0109"	"CFR0109"	"2022-12-05"	"France"
3702	"Arabidopsis thaliana"	"CFR0111"	"CFR0111"	"CFR0111"	"2022-12-05"	"France"
3702	"Arabidopsis thaliana"	"CFR0112"	"CFR0112"	"CFR0112"	"2022-12-05"	"France"
3702	"Arabidopsis thaliana"	"CFR0113"	"CFR0113"	"CFR0113"	"2022-12-05"	"France"
3702	"Arabidopsis thaliana"	"CFR0114"	"CFR0114"	"CFR0114"	"2022-12-05"	"France"
3702	"Arabidopsis thaliana"	"CFR0115"	"CFR0115"	"CFR0115"	"2022-12-05"	"France"
3702	"Arabidopsis thaliana"	"CFR0116"	"CFR0116"	"CFR0116"	"2022-12-05"	"France"
3702	"Arabidopsis thaliana"	"CFR0119"	"CFR0119"	"CFR0119"	"2022-12-05"	"France"
3702	"Arabidopsis thaliana"	"CFR0120"	"CFR0120"	"CFR0120"	"2022-12-05"	"France"
3702	"Arabidopsis thaliana"	"CFR0122"	"CFR0122"	"CFR0122"	"2022-12-05"	"France"
3702	"Arabidopsis thaliana"	"CFR0126"	"CFR0126"	"CFR0126"	"2022-12-05"	"France"
3702	"Arabidopsis thaliana"	"CFR0127"	"CFR0127"	"CFR0127"	"2022-12-05"	"France"
3702	"Arabidopsis thaliana"	"CFR0128"	"CFR0128"	"CFR0128"	"2022-12-05"	"France"
3702	"Arabidopsis thaliana"	"CFR0129"	"CFR0129"	"CFR0129"	"2022-12-05"	"France"
3702	"Arabidopsis thaliana"	"CFR0131"	"CFR0131"	"CFR0131"	"2022-12-05"	"France"
3702	"Arabidopsis thaliana"	"CFR0132"	"CFR0132"	"CFR0132"	"2022-12-05"	"France"
3702	"Arabidopsis thaliana"	"CFR0135"	"CFR0135"	"CFR0135"	"2022-12-06"	"France"
3702	"Arabidopsis thaliana"	"CFR0136"	"CFR0136"	"CFR0136"	"2022-12-06"	"France"
3702	"Arabidopsis thaliana"	"CFR0137"	"CFR0137"	"CFR0137"	"2022-12-06"	"France"
3702	"Arabidopsis thaliana"	"CFR0138"	"CFR0138"	"CFR0138"	"2022-12-06"	"France"
3702	"Arabidopsis thaliana"	"CFR0139"	"CFR0139"	"CFR0139"	"2022-12-06"	"France"
3702	"Arabidopsis thaliana"	"CFR0141"	"CFR0141"	"CFR0141"	"2022-12-06"	"France"
3702	"Arabidopsis thaliana"	"CFR0149"	"CFR0149"	"CFR0149"	"2022-12-06"	"France"
3702	"Arabidopsis thaliana"	"CFR0151"	"CFR0151"	"CFR0151"	"2022-12-06"	"France"
3702	"Arabidopsis thaliana"	"CFR0155"	"CFR0155"	"CFR0155"	"2022-12-06"	"France"
3702	"Arabidopsis thaliana"	"CFR0170"	"CFR0170"	"CFR0170"	"2022-12-07"	"France"
3702	"Arabidopsis thaliana"	"CFR0174"	"CFR0174"	"CFR0174"	"2022-12-07"	"France"
3702	"Arabidopsis thaliana"	"CFR0175"	"CFR0175"	"CFR0175"	"2022-12-07"	"France"
3702	"Arabidopsis thaliana"	"CFR0178"	"CFR0178"	"CFR0178"	"2022-12-07"	"France"
3702	"Arabidopsis thaliana"	"CFR0182"	"CFR0182"	"CFR0182"	"2022-12-07"	"France"
3702	"Arabidopsis thaliana"	"CFR0184"	"CFR0184"	"CFR0184"	"2022-12-07"	"France"
3702	"Arabidopsis thaliana"	"CFR0185"	"CFR0185"	"CFR0185"	"2022-12-07"	"France"
3702	"Arabidopsis thaliana"	"CFR0192"	"CFR0192"	"CFR0192"	"2022-12-07"	"France"
3702	"Arabidopsis thaliana"	"CFR0193"	"CFR0193"	"CFR0193"	"2022-12-08"	"France"
3702	"Arabidopsis thaliana"	"CFR0194"	"CFR0194"	"CFR0194"	"2022-12-08"	"France"
3702	"Arabidopsis thaliana"	"CFR0196"	"CFR0196"	"CFR0196"	"2022-12-08"	"France"
3702	"Arabidopsis thaliana"	"CFR0198"	"CFR0198"	"CFR0198"	"2022-12-08"	"France"
3702	"Arabidopsis thaliana"	"CFR0199"	"CFR0199"	"CFR0199"	"2022-12-08"	"France"
3702	"Arabidopsis thaliana"	"CFR0201"	"CFR0201"	"CFR0201"	"2022-12-08"	"France"
3702	"Arabidopsis thaliana"	"CFR0202"	"CFR0202"	"CFR0202"	"2022-12-08"	"France"
3702	"Arabidopsis thaliana"	"CFR0203"	"CFR0203"	"CFR0203"	"2022-12-08"	"France"
3702	"Arabidopsis thaliana"	"CFR0204"	"CFR0204"	"CFR0204"	"2022-12-08"	"France"
3702	"Arabidopsis thaliana"	"CFR0205"	"CFR0205"	"CFR0205"	"2022-12-08"	"France"
3702	"Arabidopsis thaliana"	"CFR0208"	"CFR0208"	"CFR0208"	"2022-12-08"	"France"
3702	"Arabidopsis thaliana"	"CFR0209"	"CFR0209"	"CFR0209"	"2022-12-08"	"France"
3702	"Arabidopsis thaliana"	"CFR0211"	"CFR0211"	"CFR0211"	"2022-12-08"	"France"
3702	"Arabidopsis thaliana"	"CFR0212"	"CFR0212"	"CFR0212"	"2022-12-08"	"France"
3702	"Arabidopsis thaliana"	"CFR0215"	"CFR0215"	"CFR0215"	"2022-12-08"	"France"
3702	"Arabidopsis thaliana"	"CFR0217"	"CFR0217"	"CFR0217"	"2022-12-10"	"France"
3702	"Arabidopsis thaliana"	"CFR0224"	"CFR0224"	"CFR0224"	"2022-12-10"	"France"
3702	"Arabidopsis thaliana"	"CFR0227"	"CFR0227"	"CFR0227"	"2022-12-10"	"France"
3702	"Arabidopsis thaliana"	"CFR0229"	"CFR0229"	"CFR0229"	"2022-12-11"	"France"
3702	"Arabidopsis thaliana"	"CFR0232"	"CFR0232"	"CFR0232"	"2022-12-11"	"France"
3702	"Arabidopsis thaliana"	"CFR0233"	"CFR0233"	"CFR0233"	"2022-12-11"	"France"
3702	"Arabidopsis thaliana"	"CFR0234"	"CFR0234"	"CFR0234"	"2022-12-11"	"France"
3702	"Arabidopsis thaliana"	"CFR0235"	"CFR0235"	"CFR0235"	"2022-12-11"	"France"
3702	"Arabidopsis thaliana"	"CFR0240"	"CFR0240"	"CFR0240"	"2022-12-11"	"France"
3702	"Arabidopsis thaliana"	"CFR0245"	"CFR0245"	"CFR0245"	"2022-12-11"	"France"
3702	"Arabidopsis thaliana"	"CFR0247"	"CFR0247"	"CFR0247"	"2022-12-11"	"France"
3702	"Arabidopsis thaliana"	"CFR0248"	"CFR0248"	"CFR0248"	"2022-12-11"	"France"
3702	"Arabidopsis thaliana"	"CFR0249"	"CFR0249"	"CFR0249"	"2022-12-11"	"France"
3702	"Arabidopsis thaliana"	"CFR0251"	"CFR0251"	"CFR0251"	"2022-12-11"	"France"
3702	"Arabidopsis thaliana"	"CFR0252"	"CFR0252"	"CFR0252"	"2022-12-11"	"France"
3702	"Arabidopsis thaliana"	"CFR0256"	"CFR0256"	"CFR0256"	"2023-02-20"	"France"
3702	"Arabidopsis thaliana"	"CFR0258"	"CFR0258"	"CFR0258"	"2023-02-20"	"France"
3702	"Arabidopsis thaliana"	"CFR0264"	"CFR0264"	"CFR0264"	"2023-02-20"	"France"
3702	"Arabidopsis thaliana"	"CFR0269"	"CFR0269"	"CFR0269"	"2023-02-21"	"France"
3702	"Arabidopsis thaliana"	"CFR0272"	"CFR0272"	"CFR0272"	"2023-02-21"	"France"
3702	"Arabidopsis thaliana"	"CFR0273"	"CFR0273"	"CFR0273"	"2023-02-21"	"France"
3702	"Arabidopsis thaliana"	"CFR0275"	"CFR0275"	"CFR0275"	"2023-02-21"	"France"
3702	"Arabidopsis thaliana"	"CFR0276"	"CFR0276"	"CFR0276"	"2023-02-21"	"France"
3702	"Arabidopsis thaliana"	"CFR0278"	"CFR0278"	"CFR0278"	"2023-02-21"	"France"
3702	"Arabidopsis thaliana"	"CFR0282"	"CFR0282"	"CFR0282"	"2023-02-21"	"France"
3702	"Arabidopsis thaliana"	"CFR0283"	"CFR0283"	"CFR0283"	"2023-02-21"	"France"
3702	"Arabidopsis thaliana"	"CFR0284"	"CFR0284"	"CFR0284"	"2023-02-21"	"France"
3702	"Arabidopsis thaliana"	"CFR0285"	"CFR0285"	"CFR0285"	"2023-02-21"	"France"
3702	"Arabidopsis thaliana"	"CFR0287"	"CFR0287"	"CFR0287"	"2023-02-21"	"France"
3702	"Arabidopsis thaliana"	"CFR0288"	"CFR0288"	"CFR0288"	"2023-02-21"	"France"
3702	"Arabidopsis thaliana"	"CFR0290"	"CFR0290"	"CFR0290"	"2023-02-22"	"France"
3702	"Arabidopsis thaliana"	"CFR0291"	"CFR0291"	"CFR0291"	"2023-02-22"	"France"
3702	"Arabidopsis thaliana"	"CFR0294"	"CFR0294"	"CFR0294"	"2023-02-22"	"France"
3702	"Arabidopsis thaliana"	"CFR0295"	"CFR0295"	"CFR0295"	"2023-02-22"	"France"
3702	"Arabidopsis thaliana"	"CFR0296"	"CFR0296"	"CFR0296"	"2023-02-22"	"France"
3702	"Arabidopsis thaliana"	"CFR0297"	"CFR0297"	"CFR0297"	"2023-02-22"	"France"
3702	"Arabidopsis thaliana"	"CFR0299"	"CFR0299"	"CFR0299"	"2023-02-22"	"France"
3702	"Arabidopsis thaliana"	"CFR0303"	"CFR0303"	"CFR0303"	"2023-02-22"	"France"
3702	"Arabidopsis thaliana"	"CFR0304"	"CFR0304"	"CFR0304"	"2023-02-22"	"France"
3702	"Arabidopsis thaliana"	"CFR0306"	"CFR0306"	"CFR0306"	"2023-02-22"	"France"
3702	"Arabidopsis thaliana"	"CFR0309"	"CFR0309"	"CFR0309"	"2023-02-22"	"France"
3702	"Arabidopsis thaliana"	"CFR0312"	"CFR0312"	"CFR0312"	"2023-02-22"	"France"
3702	"Arabidopsis thaliana"	"CFR0314"	"CFR0314"	"CFR0314"	"2023-02-23"	"France"
3702	"Arabidopsis thaliana"	"CFR0315"	"CFR0315"	"CFR0315"	"2023-02-23"	"France"
3702	"Arabidopsis thaliana"	"CFR0316"	"CFR0316"	"CFR0316"	"2023-02-23"	"France"
3702	"Arabidopsis thaliana"	"CFR0317"	"CFR0317"	"CFR0317"	"2023-02-23"	"France"
3702	"Arabidopsis thaliana"	"CFR0318"	"CFR0318"	"CFR0318"	"2023-02-23"	"France"
3702	"Arabidopsis thaliana"	"CFR0319"	"CFR0319"	"CFR0319"	"2023-02-23"	"France"
3702	"Arabidopsis thaliana"	"CFR0320"	"CFR0320"	"CFR0320"	"2023-02-23"	"France"
3702	"Arabidopsis thaliana"	"CFR0321"	"CFR0321"	"CFR0321"	"2023-02-23"	"France"
3702	"Arabidopsis thaliana"	"CFR0328"	"CFR0328"	"CFR0328"	"2023-02-23"	"France"
3702	"Arabidopsis thaliana"	"CFR0331"	"CFR0331"	"CFR0331"	"2023-02-23"	"France"
3702	"Arabidopsis thaliana"	"CFR0334"	"CFR0334"	"CFR0334"	"2023-02-23"	"France"
3702	"Arabidopsis thaliana"	"CFR0335"	"CFR0335"	"CFR0335"	"2023-02-23"	"France"
3702	"Arabidopsis thaliana"	"CFR0337"	"CFR0337"	"CFR0337"	"2023-02-24"	"France"
3702	"Arabidopsis thaliana"	"CFR0338"	"CFR0338"	"CFR0338"	"2023-02-24"	"France"
3702	"Arabidopsis thaliana"	"CFR0346"	"CFR0346"	"CFR0346"	"2023-02-24"	"France"
3702	"Arabidopsis thaliana"	"CFR0348"	"CFR0348"	"CFR0348"	"2023-02-24"	"France"
3702	"Arabidopsis thaliana"	"CFR0350"	"CFR0350"	"CFR0350"	"2023-02-24"	"France"
3702	"Arabidopsis thaliana"	"CFR0352"	"CFR0352"	"CFR0352"	"2023-02-24"	"France"
3702	"Arabidopsis thaliana"	"CFR0353"	"CFR0353"	"CFR0353"	"2023-02-24"	"France"
3702	"Arabidopsis thaliana"	"CFR0355"	"CFR0355"	"CFR0355"	"2023-02-24"	"France"
3702	"Arabidopsis thaliana"	"CFR0357"	"CFR0357"	"CFR0357"	"2023-02-24"	"France"
3702	"Arabidopsis thaliana"	"CFR0359"	"CFR0359"	"CFR0359"	"2023-02-24"	"France"
3702	"Arabidopsis thaliana"	"CFR0360"	"CFR0360"	"CFR0360"	"2023-02-24"	"France"
3702	"Arabidopsis thaliana"	"CFR0361"	"CFR0361"	"CFR0361"	"2023-02-24"	"France"
3702	"Arabidopsis thaliana"	"CFR0362"	"CFR0362"	"CFR0362"	"2023-02-24"	"France"
3702	"Arabidopsis thaliana"	"CFR0363"	"CFR0363"	"CFR0363"	"2023-02-24"	"France"
3702	"Arabidopsis thaliana"	"CFR0364"	"CFR0364"	"CFR0364"	"2023-02-24"	"France"
3702	"Arabidopsis thaliana"	"CFR0366"	"CFR0366"	"CFR0366"	"2023-02-24"	"France"
3702	"Arabidopsis thaliana"	"CFR0367"	"CFR0367"	"CFR0367"	"2023-02-24"	"France"
3702	"Arabidopsis thaliana"	"CFR0369"	"CFR0369"	"CFR0369"	"2023-02-24"	"France"
3702	"Arabidopsis thaliana"	"CFR0370"	"CFR0370"	"CFR0370"	"2023-02-24"	"France"
3702	"Arabidopsis thaliana"	"CFR0372"	"CFR0372"	"CFR0372"	"2023-02-24"	"France"
3702	"Arabidopsis thaliana"	"CFR0374"	"CFR0374"	"CFR0374"	"2023-02-27"	"France"
3702	"Arabidopsis thaliana"	"CFR0378"	"CFR0378"	"CFR0378"	"2023-02-27"	"France"
3702	"Arabidopsis thaliana"	"CFR0379"	"CFR0379"	"CFR0379"	"2023-02-27"	"France"
3702	"Arabidopsis thaliana"	"CFR0385"	"CFR0385"	"CFR0385"	"2023-02-27"	"France"
3702	"Arabidopsis thaliana"	"CFR0387"	"CFR0387"	"CFR0387"	"2023-02-27"	"France"
3702	"Arabidopsis thaliana"	"CFR0395"	"CFR0395"	"CFR0395"	"2023-02-27"	"France"
3702	"Arabidopsis thaliana"	"CFR0396"	"CFR0396"	"CFR0396"	"2023-02-27"	"France"
3702	"Arabidopsis thaliana"	"CFR0397"	"CFR0397"	"CFR0397"	"2023-02-28"	"France"
3702	"Arabidopsis thaliana"	"CFR0399"	"CFR0399"	"CFR0399"	"2023-02-28"	"France"
3702	"Arabidopsis thaliana"	"CFR0400"	"CFR0400"	"CFR0400"	"2023-02-28"	"France"
3702	"Arabidopsis thaliana"	"CFR0403"	"CFR0403"	"CFR0403"	"2023-02-28"	"France"
3702	"Arabidopsis thaliana"	"CFR0405"	"CFR0405"	"CFR0405"	"2023-02-28"	"France"
3702	"Arabidopsis thaliana"	"CFR0407"	"CFR0407"	"CFR0407"	"2023-02-28"	"France"
3702	"Arabidopsis thaliana"	"CFR0408"	"CFR0408"	"CFR0408"	"2023-02-28"	"France"
3702	"Arabidopsis thaliana"	"CFR0411"	"CFR0411"	"CFR0411"	"2023-02-28"	"France"
3702	"Arabidopsis thaliana"	"CFR0412"	"CFR0412"	"CFR0412"	"2023-02-28"	"France"
3702	"Arabidopsis thaliana"	"CFR0413"	"CFR0413"	"CFR0413"	"2023-02-28"	"France"
3702	"Arabidopsis thaliana"	"CFR0414"	"CFR0414"	"CFR0414"	"2023-02-28"	"France"
3702	"Arabidopsis thaliana"	"CFR0415"	"CFR0415"	"CFR0415"	"2023-02-28"	"France"
3702	"Arabidopsis thaliana"	"CFR0422"	"CFR0422"	"CFR0422"	"2023-03-01"	"France"
3702	"Arabidopsis thaliana"	"CFR0423"	"CFR0423"	"CFR0423"	"2023-03-01"	"France"
3702	"Arabidopsis thaliana"	"CFR0427"	"CFR0427"	"CFR0427"	"2023-03-01"	"France"
3702	"Arabidopsis thaliana"	"CFR0433"	"CFR0433"	"CFR0433"	"2023-02-01"	"France"
3702	"Arabidopsis thaliana"	"CFR0435"	"CFR0435"	"CFR0435"	"2023-02-01"	"France"
3702	"Arabidopsis thaliana"	"CFR0440"	"CFR0440"	"CFR0440"	"2023-02-01"	"France"
3702	"Arabidopsis thaliana"	"CFR0442"	"CFR0442"	"CFR0442"	"2023-02-01"	"France"
3702	"Arabidopsis thaliana"	"CFR0445"	"CFR0445"	"CFR0445"	"2023-03-02"	"France"
3702	"Arabidopsis thaliana"	"CFR0447"	"CFR0447"	"CFR0447"	"2023-03-02"	"France"
3702	"Arabidopsis thaliana"	"CFR0448"	"CFR0448"	"CFR0448"	"2023-03-02"	"France"
3702	"Arabidopsis thaliana"	"CFR0451"	"CFR0451"	"CFR0451"	"2023-03-02"	"France"
3702	"Arabidopsis thaliana"	"CFR0456"	"CFR0456"	"CFR0456"	"2023-03-02"	"France"
3702	"Arabidopsis thaliana"	"CFR0459"	"CFR0459"	"CFR0459"	"2023-03-02"	"France"
3702	"Arabidopsis thaliana"	"CFR0460"	"CFR0460"	"CFR0460"	"2023-03-02"	"France"
3702	"Arabidopsis thaliana"	"CFR0463"	"CFR0463"	"CFR0463"	"2023-03-02"	"France"
3702	"Arabidopsis thaliana"	"CFR0464"	"CFR0464"	"CFR0464"	"2023-03-02"	"France"
3702	"Arabidopsis thaliana"	"CFR0465"	"CFR0465"	"CFR0465"	"2023-03-02"	"France"
3702	"Arabidopsis thaliana"	"CFR0466"	"CFR0466"	"CFR0466"	"2023-03-02"	"France"
3702	"Arabidopsis thaliana"	"CFR0467"	"CFR0467"	"CFR0467"	"2023-03-02"	"France"
3702	"Arabidopsis thaliana"	"CFR0468"	"CFR0468"	"CFR0468"	"2023-03-02"	"France"
3702	"Arabidopsis thaliana"	"CFR0469"	"CFR0469"	"CFR0469"	"2023-03-03"	"France"
3702	"Arabidopsis thaliana"	"CFR0471"	"CFR0471"	"CFR0471"	"2023-03-03"	"France"
3702	"Arabidopsis thaliana"	"CFR0473"	"CFR0473"	"CFR0473"	"2023-03-03"	"France"
3702	"Arabidopsis thaliana"	"CFR0474"	"CFR0474"	"CFR0474"	"2023-03-03"	"France"
3702	"Arabidopsis thaliana"	"CFR0478"	"CFR0478"	"CFR0478"	"2023-03-03"	"France"
3702	"Arabidopsis thaliana"	"CFR0479"	"CFR0479"	"CFR0479"	"2023-03-03"	"France"
3702	"Arabidopsis thaliana"	"CFR0480"	"CFR0480"	"CFR0480"	"2023-03-03"	"France"
3702	"Arabidopsis thaliana"	"CFR0481"	"CFR0481"	"CFR0481"	"2023-03-03"	"France"
3702	"Arabidopsis thaliana"	"CFR0482"	"CFR0482"	"CFR0482"	"2023-03-03"	"France"
3702	"Arabidopsis thaliana"	"CFR0490"	"CFR0490"	"CFR0490"	"2023-03-03"	"France"
3702	"Arabidopsis thaliana"	"CFR0491"	"CFR0491"	"CFR0491"	"2023-03-03"	"France"
