TYPE	ACCESSION	ALIAS
SAMPLE	ERS29427662	CAR0325
SAMPLE	ERS29427663	CAR0326
SAMPLE	ERS29427664	CAR0329
SAMPLE	ERS29427665	CAR0333
SAMPLE	ERS29427666	CAR0335
SAMPLE	ERS29427667	CAR0336
SAMPLE	ERS29427668	CAR0344
SAMPLE	ERS29427669	CAR0348
SAMPLE	ERS29427670	CAR0351
SAMPLE	ERS29427671	CAR0354
SAMPLE	ERS29427672	CAR0361
SAMPLE	ERS29427673	CAR0362
SAMPLE	ERS29427674	CAR0365
SAMPLE	ERS29427675	CAR0366
SAMPLE	ERS29427676	CAR0367
SAMPLE	ERS29427677	CAR0371
SAMPLE	ERS29427678	CAR0379
SAMPLE	ERS29427679	CAR0380
SAMPLE	ERS29427680	CAR0381
SAMPLE	ERS29427681	CAR0386
SAMPLE	ERS29427682	CAR0387
SAMPLE	ERS29427683	CAR0401
SAMPLE	ERS29427684	CAR0403
SAMPLE	ERS29427685	CAR0419
SAMPLE	ERS29427686	CAR0420
SAMPLE	ERS29427687	CAR0421
SAMPLE	ERS29427688	CAR0422
SAMPLE	ERS29427689	CAR0423
SAMPLE	ERS29427690	CAR0426
SAMPLE	ERS29427691	CAR0434
SAMPLE	ERS29427692	CAR0438
SAMPLE	ERS29427693	CAR0455
SAMPLE	ERS29427694	CAR0457
SAMPLE	ERS29427695	CAR0458
SAMPLE	ERS29427696	CAR0459
SAMPLE	ERS29427697	CAR0461
SAMPLE	ERS29427698	CAR0474
SAMPLE	ERS29427699	CAR0487
SAMPLE	ERS29427700	CAR0489
SAMPLE	ERS29427701	CAR0493
SAMPLE	ERS29427702	CAR0494
SAMPLE	ERS29427703	CAR0495
SAMPLE	ERS29427704	CAR0498
SAMPLE	ERS29427705	CAR0512
SAMPLE	ERS29427706	CAR0515
SAMPLE	ERS29427707	CAR0528
SAMPLE	ERS29427708	CAR0531
SAMPLE	ERS29427709	CAR0541
SAMPLE	ERS29427710	CAR0542
SAMPLE	ERS29427711	CAR0545
SAMPLE	ERS29427712	CAR0546
SAMPLE	ERS29427713	CAR0547
SAMPLE	ERS29427714	CAR0559
SAMPLE	ERS29427715	CAR0560
SAMPLE	ERS29427716	CAR0561
SAMPLE	ERS29427717	CAR0563
SAMPLE	ERS29427718	CAR0565
SAMPLE	ERS29427719	CAR0569
SAMPLE	ERS29427720	CAR0651
SAMPLE	ERS29427721	CAR0653
SAMPLE	ERS29427722	CAR0654
SAMPLE	ERS29427723	CAR0667
SAMPLE	ERS29427724	CAR0669
SAMPLE	ERS29427725	CAR0671
SAMPLE	ERS29427726	CAR0672
SAMPLE	ERS29427727	CAR0673
SAMPLE	ERS29427728	CAR0674
SAMPLE	ERS29427729	CAR0678
SAMPLE	ERS29427730	CAR0686
SAMPLE	ERS29427731	CAR0691
SAMPLE	ERS29427732	CAR0692
SAMPLE	ERS29427733	CAR0722
SAMPLE	ERS29427734	CAR0723
SAMPLE	ERS29427735	CAR0725
SAMPLE	ERS29427736	CAR0726
SAMPLE	ERS29427737	CAR0728
SAMPLE	ERS29427738	CAR0739
SAMPLE	ERS29427739	CAR0745
SAMPLE	ERS29427740	CAR0746
SAMPLE	ERS29427741	CAR0750
SAMPLE	ERS29427742	CAR0757
SAMPLE	ERS29427743	CAR0759
SAMPLE	ERS29427744	CAR0763
SAMPLE	ERS29427745	CAR0764
SAMPLE	ERS29427746	CAR0768
SAMPLE	ERS29427747	CAR0779
SAMPLE	ERS29427748	CAR0780
SAMPLE	ERS29427749	CAR0783
SAMPLE	ERS29427750	CAR0786
SAMPLE	ERS29427751	CAR0794
SAMPLE	ERS29427752	CAR0797
SAMPLE	ERS29427753	CAR0799
SAMPLE	ERS29427754	CAR0800
SAMPLE	ERS29427755	CAR0811
SAMPLE	ERS29427756	CAR0812
SAMPLE	ERS29427757	CAR0815
SAMPLE	ERS29427758	CAR0816
SAMPLE	ERS29427759	CAR0817
SAMPLE	ERS29427760	CAR0821
SAMPLE	ERS29427761	CAR0822
SAMPLE	ERS29427762	CAR0830
SAMPLE	ERS29427763	CAR0836
SAMPLE	ERS29427764	CAR0839
SAMPLE	ERS29427765	CAR0847
SAMPLE	ERS29427766	CAR0851
SAMPLE	ERS29427767	CAR0852
SAMPLE	ERS29427768	CAR0854
SAMPLE	ERS29427769	CAR0855
SAMPLE	ERS29427770	CAR0857
SAMPLE	ERS29427771	CAR0858
SAMPLE	ERS29427772	CAR0868
SAMPLE	ERS29427773	CAR0870
SAMPLE	ERS29427774	CAR0872
SAMPLE	ERS29427775	CAR0873
SAMPLE	ERS29427776	CAR0875
SAMPLE	ERS29427777	CAR0883
SAMPLE	ERS29427778	CAR0884
SAMPLE	ERS29427779	CAR0885
SAMPLE	ERS29427780	CAR0888
SAMPLE	ERS29427781	CAR0889
SAMPLE	ERS29427782	CAR0890
SAMPLE	ERS29427783	CAR0891
SAMPLE	ERS29427784	CAR0893
SAMPLE	ERS29427785	CAR0894
SAMPLE	ERS29427786	CAR0903
SAMPLE	ERS29427787	CAR0905
SAMPLE	ERS29427788	CAR0906
SAMPLE	ERS29427789	CAR0907
SAMPLE	ERS29427790	CAR0908
SAMPLE	ERS29427791	CAR0911
SAMPLE	ERS29427792	CAR0912
SAMPLE	ERS29427793	CAR0919
SAMPLE	ERS29427794	CAR0920
SAMPLE	ERS29427795	CAR0923
SAMPLE	ERS29427796	CAR0924
SAMPLE	ERS29427797	CAR0925
SAMPLE	ERS29427798	CAR0926
SAMPLE	ERS29427799	CAR0929
SAMPLE	ERS29427800	CAR0937
SAMPLE	ERS29427801	CAR0938
SAMPLE	ERS29427802	CAR0941
SAMPLE	ERS29427803	CAR0944
SAMPLE	ERS29427804	CAR0945
SAMPLE	ERS29427805	CAR0947
SAMPLE	ERS29427806	CAR0948
SAMPLE	ERS29427807	CAR0955
SAMPLE	ERS29427808	CAR0956
SAMPLE	ERS29427809	CAR0957
SAMPLE	ERS29427810	CAR0959
SAMPLE	ERS29427811	CAR0960
SAMPLE	ERS29427812	CAR0963
SAMPLE	ERS29427813	CAR0966
SAMPLE	ERS29427814	CGR0001
SAMPLE	ERS29427815	CGR0002
SAMPLE	ERS29427816	CGR0003
SAMPLE	ERS29427817	CGR0004
SAMPLE	ERS29427818	CGR0008
SAMPLE	ERS29427819	CGR0009
SAMPLE	ERS29427820	CGR0011
SAMPLE	ERS29427821	CGR0013
SAMPLE	ERS29427822	CGR0014
SAMPLE	ERS29427823	CGR0015
SAMPLE	ERS29427824	CGR0017
SAMPLE	ERS29427825	CGR0018
SAMPLE	ERS29427826	CGR0020
SAMPLE	ERS29427827	CGR0022
SAMPLE	ERS29427828	CGR0023
SAMPLE	ERS29427829	CGR0028
SAMPLE	ERS29427830	CGR0031
SAMPLE	ERS29427831	CGR0032
SAMPLE	ERS29427832	CGR0033
SAMPLE	ERS29427833	CGR0035
SAMPLE	ERS29427834	CGR0037
SAMPLE	ERS29427835	CGR0038
SAMPLE	ERS29427836	CGR0039
SAMPLE	ERS29427837	CGR0041
SAMPLE	ERS29427838	CGR0043
SAMPLE	ERS29427839	CGR0044
SAMPLE	ERS29427840	CGR0045
SAMPLE	ERS29427841	CGR0046
SAMPLE	ERS29427842	CGR0048
SAMPLE	ERS29427843	CGR0049
SAMPLE	ERS29427844	CGR0050
SAMPLE	ERS29427845	CGR0054
SAMPLE	ERS29427846	CGR0057
SAMPLE	ERS29427847	CGR0058
SAMPLE	ERS29427848	CGR0060
SAMPLE	ERS29427849	CGR0061
SAMPLE	ERS29427850	CGR0065
SAMPLE	ERS29427851	CGR0072
SAMPLE	ERS29427852	CGR0080
SAMPLE	ERS29427853	CGR0081
SAMPLE	ERS29427854	CGR0085
SAMPLE	ERS29427855	CGR0086
SAMPLE	ERS29427856	CGR0087
SAMPLE	ERS29427857	CGR0092
SAMPLE	ERS29427858	CGR0093
SAMPLE	ERS29427859	CGR0099
SAMPLE	ERS29427860	CGR0100
SAMPLE	ERS29427861	CGR0101
SAMPLE	ERS29427862	CGR0103
SAMPLE	ERS29427863	CGR0105
SAMPLE	ERS29427864	CGR0106
SAMPLE	ERS29427865	CGR0107
SAMPLE	ERS29427866	CGR0110
SAMPLE	ERS29427867	CGR0111
SAMPLE	ERS29427868	CGR0112
SAMPLE	ERS29427869	CGR0114
SAMPLE	ERS29427870	CGR0116
SAMPLE	ERS29427871	CGR0119
SAMPLE	ERS29427872	CGR0121
SAMPLE	ERS29427873	CGR0123
SAMPLE	ERS29427874	CGR0125
SAMPLE	ERS29427875	CGR0126
SAMPLE	ERS29427876	CGR0132
SAMPLE	ERS29427877	CGR0134
SAMPLE	ERS29427878	CGR0135
SAMPLE	ERS29427879	CGR0138
SAMPLE	ERS29427880	CGR0141
SAMPLE	ERS29427881	CGR0144
SAMPLE	ERS29427882	CGR0146
SAMPLE	ERS29427883	CGR0148
SAMPLE	ERS29427884	CGR0150
SAMPLE	ERS29427885	CGR0151
SAMPLE	ERS29427886	CGR0153
SAMPLE	ERS29427887	CGR0157
SAMPLE	ERS29427888	CGR0158
SAMPLE	ERS29427889	CGR0159
SAMPLE	ERS29427890	CGR0160
SAMPLE	ERS29427891	CGR0162
SAMPLE	ERS29427892	CGR0164
SAMPLE	ERS29427893	CGR0165
SAMPLE	ERS29427894	CGR0167
SAMPLE	ERS29427895	CGR0168
SAMPLE	ERS29427896	CGR0170
SAMPLE	ERS29427897	CGR0171
SAMPLE	ERS29427898	CGR0173
SAMPLE	ERS29427899	CGR0174
SAMPLE	ERS29427900	CGR0175
SAMPLE	ERS29427901	CGR0176
SAMPLE	ERS29427902	CGR0178
SAMPLE	ERS29427903	CGR0179
SAMPLE	ERS29427904	CGR0180
SAMPLE	ERS29427905	CGR0184
SAMPLE	ERS29427906	CGR0185
SAMPLE	ERS29427907	CGR0190
SAMPLE	ERS29427908	CGR0192
SAMPLE	ERS29427909	CGR0194
SAMPLE	ERS29427910	CGR0197
SAMPLE	ERS29427911	CGR0198
SAMPLE	ERS29427912	CGR0199
SAMPLE	ERS29427913	CGR0201
SAMPLE	ERS29427914	CGR0202
SAMPLE	ERS29427915	CGR0203
SAMPLE	ERS29427916	CGR0204
SAMPLE	ERS29427917	CGR0206
SAMPLE	ERS29427918	CGR0208
SAMPLE	ERS29427919	CGR0209
SAMPLE	ERS29427920	CGR0211
SAMPLE	ERS29427921	CGR0212
SAMPLE	ERS29427922	CGR0213
SAMPLE	ERS29427923	CGR0215
SAMPLE	ERS29427924	CGR0216
SAMPLE	ERS29427925	CGR0217
SAMPLE	ERS29427926	CGR0218
SAMPLE	ERS29427927	CGR0219
SAMPLE	ERS29427928	CGR0220
SAMPLE	ERS29427929	CGR0222
SAMPLE	ERS29427930	CGR0223
SAMPLE	ERS29427931	CGR0229
SAMPLE	ERS29427932	CGR0230
SAMPLE	ERS29427933	CGR0231
SAMPLE	ERS29427934	CGR0232
SAMPLE	ERS29427935	CGR0233
SAMPLE	ERS29427936	CGR0235
SAMPLE	ERS29427937	CGR0236
SAMPLE	ERS29427938	CGR0237
SAMPLE	ERS29427939	CGR0238
SAMPLE	ERS29427940	CGR0240
SAMPLE	ERS29427941	CGR0242
SAMPLE	ERS29427942	CGR0245
SAMPLE	ERS29427943	CGR0248
SAMPLE	ERS29427944	CGR0250
SAMPLE	ERS29427945	CGR0251
SAMPLE	ERS29427946	CGR0252
SAMPLE	ERS29427947	CGR0256
SAMPLE	ERS29427948	CGR0257
SAMPLE	ERS29427949	CGR0259
SAMPLE	ERS29427950	CGR0260
SAMPLE	ERS29427951	CGR0261
SAMPLE	ERS29427952	CGR0262
SAMPLE	ERS29427953	CGR0263
SAMPLE	ERS29427954	CGR0265
SAMPLE	ERS29427955	CGR0266
SAMPLE	ERS29427956	CGR0267
SAMPLE	ERS29427957	CGR0268
SAMPLE	ERS29427958	CGR0269
SAMPLE	ERS29427959	CGR0271
SAMPLE	ERS29427960	CGR0272
SAMPLE	ERS29427961	CGR0274
SAMPLE	ERS29427962	CGR0277
SAMPLE	ERS29427963	CGR0278
SAMPLE	ERS29427964	CGR0279
SAMPLE	ERS29427965	CGR0281
SAMPLE	ERS29427966	CGR0282
SAMPLE	ERS29427967	CGR0283
SAMPLE	ERS29427968	CGR0285
SAMPLE	ERS29427969	CGR0287
SAMPLE	ERS29427970	CGR0290
SAMPLE	ERS29427971	CGR0292
SAMPLE	ERS29427972	CGR0293
SAMPLE	ERS29427973	CGR0295
SAMPLE	ERS29427974	CGR0299
SAMPLE	ERS29427975	CGR0302
SAMPLE	ERS29427976	CGR0305
SAMPLE	ERS29427977	CGR0308
SAMPLE	ERS29427978	CGR0309
SAMPLE	ERS29427979	CGR0310
SAMPLE	ERS29427980	CGR0313
SAMPLE	ERS29427981	CGR0314
SAMPLE	ERS29427982	CGR0315
SAMPLE	ERS29427983	CGR0320
SAMPLE	ERS29427984	CGR0321
SAMPLE	ERS29427985	CGR0322
SAMPLE	ERS29427986	CGR0323
SAMPLE	ERS29427987	CGR0324
SAMPLE	ERS29427988	CGR0325
SAMPLE	ERS29427989	CGR0326
SAMPLE	ERS29427990	CGR0327
SAMPLE	ERS29427991	CGR0328
SAMPLE	ERS29427992	CGR0329
SAMPLE	ERS29427993	CGR0330
SAMPLE	ERS29427994	CGR0332
SAMPLE	ERS29427995	CGR0333
SAMPLE	ERS29427996	CGR0334
SAMPLE	ERS29427997	CGR0336
SAMPLE	ERS29427998	CGR0337
SAMPLE	ERS29427999	CGR0338
SAMPLE	ERS29428000	CGR0339
SAMPLE	ERS29428001	CGR0340
SAMPLE	ERS29428002	CGR0341
SAMPLE	ERS29428003	CGR0342
SAMPLE	ERS29428004	CGR0343
SAMPLE	ERS29428005	CGR0347
SAMPLE	ERS29428006	CGR0349
SAMPLE	ERS29428007	CGR0350
SAMPLE	ERS29428008	CGR0353
SAMPLE	ERS29428009	CGR0359
SAMPLE	ERS29428010	CGR0365
SAMPLE	ERS29428011	CGR0370
SAMPLE	ERS29428012	CGR0374
SAMPLE	ERS29428013	CGR0376
SAMPLE	ERS29428014	CGR0377
SAMPLE	ERS29428015	CGR0378
SAMPLE	ERS29428016	CGR0380
SAMPLE	ERS29428017	CGR0384
SAMPLE	ERS29428018	CGR0385
SAMPLE	ERS29428019	CGR0387
SAMPLE	ERS29428020	CGR0388
SAMPLE	ERS29428021	CGR0395
SAMPLE	ERS29428022	CGR0397
SAMPLE	ERS29428023	CGR0400
SAMPLE	ERS29428024	CGR0403
SAMPLE	ERS29428025	CGR0404
SAMPLE	ERS29428026	CGR0405
SAMPLE	ERS29428027	CGR0407
SAMPLE	ERS29428028	CGR0408
SAMPLE	ERS29428029	CGR0410
SAMPLE	ERS29428030	CGR0411
SAMPLE	ERS29428031	CGR0412
SAMPLE	ERS29428032	CGR0413
SAMPLE	ERS29428033	CGR0414
SAMPLE	ERS29428034	CGR0415
SAMPLE	ERS29428035	CGR0416
SAMPLE	ERS29428036	CGR0419
SAMPLE	ERS29428037	CGR0422
SAMPLE	ERS29428038	CGR0424
SAMPLE	ERS29428039	CGR0426
SAMPLE	ERS29428040	CGR0428
SAMPLE	ERS29428041	CGR0429
SAMPLE	ERS29428042	CGR0434
SAMPLE	ERS29428043	CGR0439
SAMPLE	ERS29428044	CGR0440
SAMPLE	ERS29428045	CGR0443
SAMPLE	ERS29428046	CGR0446
SAMPLE	ERS29428047	CGR0448
SAMPLE	ERS29428048	CGR0449
SAMPLE	ERS29428049	CGR0450
SAMPLE	ERS29428050	CGR0451
SAMPLE	ERS29428051	CGR0452
SAMPLE	ERS29428052	CGR0458
SAMPLE	ERS29428053	CGR0459
SAMPLE	ERS29428054	CGR0463
SAMPLE	ERS29428055	CGR0464
SAMPLE	ERS29428056	CGR0466
SAMPLE	ERS29428057	CGR0467
SAMPLE	ERS29428058	CFR0001
SAMPLE	ERS29428059	CFR0003
SAMPLE	ERS29428060	CFR0005
SAMPLE	ERS29428061	CFR0007
SAMPLE	ERS29428062	CFR0008
SAMPLE	ERS29428063	CFR0009
SAMPLE	ERS29428064	CFR0014
SAMPLE	ERS29428065	CFR0015
SAMPLE	ERS29428066	CFR0016
SAMPLE	ERS29428067	CFR0019
SAMPLE	ERS29428068	CFR0021
SAMPLE	ERS29428069	CFR0027
SAMPLE	ERS29428070	CFR0031
SAMPLE	ERS29428071	CFR0033
SAMPLE	ERS29428072	CFR0041
SAMPLE	ERS29428073	CFR0042
SAMPLE	ERS29428074	CFR0043
SAMPLE	ERS29428075	CFR0045
SAMPLE	ERS29428076	CFR0046
SAMPLE	ERS29428077	CFR0050
SAMPLE	ERS29428078	CFR0052
SAMPLE	ERS29428079	CFR0054
SAMPLE	ERS29428080	CFR0056
SAMPLE	ERS29428081	CFR0057
SAMPLE	ERS29428082	CFR0058
SAMPLE	ERS29428083	CFR0061
SAMPLE	ERS29428084	CFR0062
SAMPLE	ERS29428085	CFR0066
SAMPLE	ERS29428086	CFR0070
SAMPLE	ERS29428087	CFR0071
SAMPLE	ERS29428088	CFR0072
SAMPLE	ERS29428089	CFR0073
SAMPLE	ERS29428090	CFR0075
SAMPLE	ERS29428091	CFR0077
SAMPLE	ERS29428092	CFR0081
SAMPLE	ERS29428093	CFR0084
SAMPLE	ERS29428094	CFR0086
SAMPLE	ERS29428095	CFR0089
SAMPLE	ERS29428096	CFR0091
SAMPLE	ERS29428097	CFR0095
SAMPLE	ERS29428098	CFR0096
SAMPLE	ERS29428099	CFR0097
SAMPLE	ERS29428100	CFR0098
SAMPLE	ERS29428101	CFR0099
SAMPLE	ERS29428102	CFR0100
SAMPLE	ERS29428103	CFR0102
SAMPLE	ERS29428104	CFR0103
SAMPLE	ERS29428105	CFR0107
SAMPLE	ERS29428106	CFR0109
SAMPLE	ERS29428107	CFR0111
SAMPLE	ERS29428108	CFR0112
SAMPLE	ERS29428109	CFR0113
SAMPLE	ERS29428110	CFR0114
SAMPLE	ERS29428111	CFR0115
SAMPLE	ERS29428112	CFR0116
SAMPLE	ERS29428113	CFR0119
SAMPLE	ERS29428114	CFR0120
SAMPLE	ERS29428115	CFR0122
SAMPLE	ERS29428116	CFR0126
SAMPLE	ERS29428117	CFR0127
SAMPLE	ERS29428118	CFR0128
SAMPLE	ERS29428119	CFR0129
SAMPLE	ERS29428120	CFR0131
SAMPLE	ERS29428121	CFR0132
SAMPLE	ERS29428122	CFR0135
SAMPLE	ERS29428123	CFR0136
SAMPLE	ERS29428124	CFR0137
SAMPLE	ERS29428125	CFR0138
SAMPLE	ERS29428126	CFR0139
SAMPLE	ERS29428127	CFR0141
SAMPLE	ERS29428128	CFR0149
SAMPLE	ERS29428129	CFR0151
SAMPLE	ERS29428130	CFR0155
SAMPLE	ERS29428131	CFR0170
SAMPLE	ERS29428132	CFR0174
SAMPLE	ERS29428133	CFR0175
SAMPLE	ERS29428134	CFR0178
SAMPLE	ERS29428135	CFR0182
SAMPLE	ERS29428136	CFR0184
SAMPLE	ERS29428137	CFR0185
SAMPLE	ERS29428138	CFR0192
SAMPLE	ERS29428139	CFR0193
SAMPLE	ERS29428140	CFR0194
SAMPLE	ERS29428141	CFR0196
SAMPLE	ERS29428142	CFR0198
SAMPLE	ERS29428143	CFR0199
SAMPLE	ERS29428144	CFR0201
SAMPLE	ERS29428145	CFR0202
SAMPLE	ERS29428146	CFR0203
SAMPLE	ERS29428147	CFR0204
SAMPLE	ERS29428148	CFR0205
SAMPLE	ERS29428149	CFR0208
SAMPLE	ERS29428150	CFR0209
SAMPLE	ERS29428151	CFR0211
SAMPLE	ERS29428152	CFR0212
SAMPLE	ERS29428153	CFR0215
SAMPLE	ERS29428154	CFR0217
SAMPLE	ERS29428155	CFR0224
SAMPLE	ERS29428156	CFR0227
SAMPLE	ERS29428157	CFR0229
SAMPLE	ERS29428158	CFR0232
SAMPLE	ERS29428159	CFR0233
SAMPLE	ERS29428160	CFR0234
SAMPLE	ERS29428161	CFR0235
SAMPLE	ERS29428162	CFR0240
SAMPLE	ERS29428163	CFR0245
SAMPLE	ERS29428164	CFR0247
SAMPLE	ERS29428165	CFR0248
SAMPLE	ERS29428166	CFR0249
SAMPLE	ERS29428167	CFR0251
SAMPLE	ERS29428168	CFR0252
SAMPLE	ERS29428169	CFR0256
SAMPLE	ERS29428170	CFR0258
SAMPLE	ERS29428171	CFR0264
SAMPLE	ERS29428172	CFR0269
SAMPLE	ERS29428173	CFR0272
SAMPLE	ERS29428174	CFR0273
SAMPLE	ERS29428175	CFR0275
SAMPLE	ERS29428176	CFR0276
SAMPLE	ERS29428177	CFR0278
SAMPLE	ERS29428178	CFR0282
SAMPLE	ERS29428179	CFR0283
SAMPLE	ERS29428180	CFR0284
SAMPLE	ERS29428181	CFR0285
SAMPLE	ERS29428182	CFR0287
SAMPLE	ERS29428183	CFR0288
SAMPLE	ERS29428184	CFR0290
SAMPLE	ERS29428185	CFR0291
SAMPLE	ERS29428186	CFR0294
SAMPLE	ERS29428187	CFR0295
SAMPLE	ERS29428188	CFR0296
SAMPLE	ERS29428189	CFR0297
SAMPLE	ERS29428190	CFR0299
SAMPLE	ERS29428191	CFR0303
SAMPLE	ERS29428192	CFR0304
SAMPLE	ERS29428193	CFR0306
SAMPLE	ERS29428194	CFR0309
SAMPLE	ERS29428195	CFR0312
SAMPLE	ERS29428196	CFR0314
SAMPLE	ERS29428197	CFR0315
SAMPLE	ERS29428198	CFR0316
SAMPLE	ERS29428199	CFR0317
SAMPLE	ERS29428200	CFR0318
SAMPLE	ERS29428201	CFR0319
SAMPLE	ERS29428202	CFR0320
SAMPLE	ERS29428203	CFR0321
SAMPLE	ERS29428204	CFR0328
SAMPLE	ERS29428205	CFR0331
SAMPLE	ERS29428206	CFR0334
SAMPLE	ERS29428207	CFR0335
SAMPLE	ERS29428208	CFR0337
SAMPLE	ERS29428209	CFR0338
SAMPLE	ERS29428210	CFR0346
SAMPLE	ERS29428211	CFR0348
SAMPLE	ERS29428212	CFR0350
SAMPLE	ERS29428213	CFR0352
SAMPLE	ERS29428214	CFR0353
SAMPLE	ERS29428215	CFR0355
SAMPLE	ERS29428216	CFR0357
SAMPLE	ERS29428217	CFR0359
SAMPLE	ERS29428218	CFR0360
SAMPLE	ERS29428219	CFR0361
SAMPLE	ERS29428220	CFR0362
SAMPLE	ERS29428221	CFR0363
SAMPLE	ERS29428222	CFR0364
SAMPLE	ERS29428223	CFR0366
SAMPLE	ERS29428224	CFR0367
SAMPLE	ERS29428225	CFR0369
SAMPLE	ERS29428226	CFR0370
SAMPLE	ERS29428227	CFR0372
SAMPLE	ERS29428228	CFR0374
SAMPLE	ERS29428229	CFR0378
SAMPLE	ERS29428230	CFR0379
SAMPLE	ERS29428231	CFR0385
SAMPLE	ERS29428232	CFR0387
SAMPLE	ERS29428233	CFR0395
SAMPLE	ERS29428234	CFR0396
SAMPLE	ERS29428235	CFR0397
SAMPLE	ERS29428236	CFR0399
SAMPLE	ERS29428237	CFR0400
SAMPLE	ERS29428238	CFR0403
SAMPLE	ERS29428239	CFR0405
SAMPLE	ERS29428240	CFR0407
SAMPLE	ERS29428241	CFR0408
SAMPLE	ERS29428242	CFR0411
SAMPLE	ERS29428243	CFR0412
SAMPLE	ERS29428244	CFR0413
SAMPLE	ERS29428245	CFR0414
SAMPLE	ERS29428246	CFR0415
SAMPLE	ERS29428247	CFR0422
SAMPLE	ERS29428248	CFR0423
SAMPLE	ERS29428249	CFR0427
SAMPLE	ERS29428250	CFR0433
SAMPLE	ERS29428251	CFR0435
SAMPLE	ERS29428252	CFR0440
SAMPLE	ERS29428253	CFR0442
SAMPLE	ERS29428254	CFR0445
SAMPLE	ERS29428255	CFR0447
SAMPLE	ERS29428256	CFR0448
SAMPLE	ERS29428257	CFR0451
SAMPLE	ERS29428258	CFR0456
SAMPLE	ERS29428259	CFR0459
SAMPLE	ERS29428260	CFR0460
SAMPLE	ERS29428261	CFR0463
SAMPLE	ERS29428262	CFR0464
SAMPLE	ERS29428263	CFR0465
SAMPLE	ERS29428264	CFR0466
SAMPLE	ERS29428265	CFR0467
SAMPLE	ERS29428266	CFR0468
SAMPLE	ERS29428267	CFR0469
SAMPLE	ERS29428268	CFR0471
SAMPLE	ERS29428269	CFR0473
SAMPLE	ERS29428270	CFR0474
SAMPLE	ERS29428271	CFR0478
SAMPLE	ERS29428272	CFR0479
SAMPLE	ERS29428273	CFR0480
SAMPLE	ERS29428274	CFR0481
SAMPLE	ERS29428275	CFR0482
SAMPLE	ERS29428276	CFR0490
SAMPLE	ERS29428277	CFR0491
SUBMISSION	ERA35975847	ena-SUBMISSION-TAB-06-03-2026-00:32:19:096-190438